:020000040800F2
:10000000281C002479030008E5370008E1370008C0
:100010006D0E00909F050008013D000800000000E3
:10002000000000000000000000000000E53C0008A7
:10003000A305000800000000E7370008E73C0008BF
:10004000AF030008AF030008AF030008AF030008C8
:10005000AF030008AF030008AF030008AF030008B8
:10006000AF030008AF030008AF030008AF030008A8
:10007000AF030008AF030008AF030008AF03000898
:10008000AF030008AF030008AF030008AF03000888
:10009000AF030008AF030008AF030008AF03000878
:1000A000AF030008AF030008AF030008AF03000868
:1000B000AF030008AF0300080D0F0090AF03000866
:1000C000AF030008AF030008AF030008AF03000848
:1000D000AF030008F13C0008AF030008AF030008BD
:1000E000AF030008AF03000800000000AF030008E2
:1000F000AF030008AF030008AF030008AF03000818
:10010000AF030008AF030008AF030008AF03000807
:10011000AF030008AF030008AF030008AF030008F7
:10012000AF030008AF030008AF030008AF030008E7
:10013000AF030008AF030008AF030008AF030008D7
:1001400000000000000000000000000000000000AF
:10015000AF030008AF030008AF030008AF030008B7
:10016000AF030008AF030008AF030008AF030008A7
:10017000AF030008AF030008AF030008AF03000897
:10018000AF030008AF030008AF030008AF03000887
:10019000AF030008AF030008AF030008AF03000877
:1001A000AF030008AF030008AF030008AF03000867
:1001B000AF030008AF030008AF030008AF03000857
:1001C000AF030008AF030008AF030008AF03000847
:1001D000AF030008AF030008AF030008AF03000837
:1001E000AF030008AF030008AF030008AF03000827
:1001F000AF030008AF030008AF030008AF03000817
:10020000AF030008AF030008AF030008AF03000806
:10021000AF030008AF030008AF030008AF030008F6
:10022000AF030008AF030008AF03000800000000A0
:10023000AF030008AF03000800000000AF03000890
:10024000AF030008AF030008AF030008AF030008C6
:10025000AF030008AF030008AF030008AF030008B6
:10026000AF030008AF030008AF030008AF030008A6
:10027000AF030008AF030008AF0300080000000050
:10028000AF030008AF030008AF0300080000000040
:1002900000000000AF03000800F002F800F05CF876
:1002A0000AA090E8000C82448344AAF10107DA45D1
:1002B00001D100F051F8AFF2090EBAE80F0013F0C7
:1002C000010F18BFFB1A43F001031847F84A00005A
:1002D000184B00000A444FF0000C10F8013B13F0DB
:1002E000070408BF10F8014B1D1108BF10F8015B8F
:1002F000641E05D010F8016B641E01F8016BF9D182
:1003000013F0080F1EBF10F8014BAD1C0C1B09D1D8
:100310006D1E58BF01F801CBFAD505E014F8016B4A
:1003200001F8016B6D1EF9D59142D6D370470000DC
:100330000023002400250026103A28BF78C1FBD8EE
:10034000520728BF30C148BF0B6070471FB504F08B
:100350001FFD1FBD10B510BD00F0B8F81146FFF726
:10036000F5FF03F045FD00F0D6F803B4FFF7F2FF08
:1003700003BC03F0E3FC0000DFF84000016841F437
:1003800070010160BFF34F8FDFF83400016821F086
:1003900040410160BFF36F8F0A480047FEE7FEE768
:1003A000FEE7FEE7FEE7FEE7FEE7FEE7FEE7FEE725
:1003B00005480649044A064B7047000088ED00E0F6
:1003C00034EF00E09902000828140024281C0024BF
:1003D00028140024704753EA020C00F069802DE9CC
:1003E000F04B4FF00006002B1FBFB3FA83F503FA62
:1003F00005F424FA05F65E4012BF1643B2FA82F500
:1004000002FA05F4C5F120051EBF22FA05FC44EAF4
:100410000C04203556EA044C4FEA144418BF641CFF
:100420004FF000084FF00009904271EB030C39D3F4
:10043000002919BFB1FA81F701FA07F6B0FA80F77F
:1004400000FA07F6C7F120071EBF20FA07FC46EAAC
:100450000C062037B6FBF4FCA7EB0507103F07F0AE
:100460001F0BCBF120060CFA0BFB2CFA06F644BF4F
:10047000B3460026202FA4BF5E464FF0000B5BEA78
:10048000060C08BF4FF0010B19EB0B09ABFB027C0C
:1004900048EB0608C01B06FB02CC0BFB03CC71EB40
:1004A0000C01C1E70B46024641464846BDE8F08BC9
:1004B00013B54FF000004FF00001AFF30080BDE82E
:1004C0001C4070477047704770477047754600F092
:1004D0002BF8AE4605006946534620F007008546D6
:1004E00018B020B5FFF764FFBDE820404FF00006CC
:1004F0004FF000074FF000084FF0000B21F007010C
:10050000AC46ACE8C009ACE8C009ACE8C009ACE84E
:10051000C0098D46704710B50446AFF300802046F1
:10052000BDE81040FFF721BF00487047C413002406
:1005300040F60D6CC9F2000C604740F6011CC9F290
:10054000000C604745F22D7CC9F2000C604745F273
:10055000956CC9F2000C604744F6993CC9F2000C56
:10056000604742F2490CC9F2000C604745F2855CD5
:10057000C9F2000C604742F2C90CC9F2000C604796
:1005800044F6453CC9F2000C604740F23D0CC9F20C
:10059000000C604740F6955CC9F2000C604700BF54
:1005A000FEE770472DE9F041044600F05BFD804610
:1005B00014B90120BDE8F08194F83500022808D074
:1005C0008020606500BF002084F8340000BF012057
:1005D000F0E7FE492068884249D0FC49183120687C
:1005E000884244D0F9493031206888423FD0F749E9
:1005F0004831206888423AD0F44960312068884206
:1006000035D0F24978312068884230D0EF499031B6
:10061000206888422BD0ED49A8312068884226D036
:10062000EB492068884222D0E94918312068884285
:100630001DD0E74930312068884218D0E44948315C
:100640002068884213D0E2496031206888420ED089
:10065000DF4978312068884209D0DD49903120682F
:10066000884204D0DA49A8312068884201D10120AB
:1006700000E0002068B12068006820F01E002168BA
:1006800008602068406920F0800021684861256882
:1006900006E02068006820F00E00216808602568E8
:1006A000CA492068884270D0C849183120688842F9
:1006B0006BD0C64930312068884266D0C349483182
:1006C0002068884261D0C1496031206888425CD08E
:1006D000BE4978312068884257D0BC4990312068A3
:1006E000884252D0B949A831206888424DD0B849D3
:1006F0002068884249D0B64918312068884244D0E1
:10070000B3493031206888423FD0B1494831206830
:1007100088423AD0AE4960312068884235D0AC4931
:1007200078312068884230D0A949903120688842C9
:100730002BD0A749A8312068884226D0A549206837
:10074000884222D0A3491431206888421DD0A14993
:1007500028312068884218D09E493C312068884260
:1007600013D09C495031206888420ED09949643199
:100770002068884209D0974978312068884204D09F
:1007800094498C312068884201D1012000E000208A
:1007900028B1206E006820F48070216E08608B49BB
:1007A0002068884249D0894918312068884244D05D
:1007B00086493031206888423FD0844948312068DA
:1007C00088423AD0814960312068884235D07F49DB
:1007D00078312068884230D07C4990312068884246
:1007E0002BD07A49A8312068884226D078492068E1
:1007F000884222D076491831206888421DD0744939
:1008000030312068884218D07149483120688842C8
:1008100013D06F496031206888420ED06C4978311E
:100820002068884209D06A4990312068884204D003
:100830006749A8312068884206D12068006820F006
:1008400001002168086005E02068006820F00100D0
:100850002168086011E000F005FCA0EB0800052805
:100860000BD920206065032084F8350000BF0020EC
:1008700084F8340000BF01209CE6286800F00100E5
:100880000028E8D151492068884249D04F491831A1
:100890002068884244D04D493031206888423FD09A
:1008A0004A494831206888423AD048496031206836
:1008B000884235D0454978312068884230D0434954
:1008C0009031206888422BD04049A8312068884266
:1008D00026D03F492068884222D03D4918312068FF
:1008E00088421DD03A4930312068884218D03849B2
:1008F00048312068884213D03549603120688842E9
:100900000ED0334978312068884209D0304990317F
:100910002068884204D02E49A8312068884201D13D
:10092000012000E0002040B1A66D94F85C0000F0CA
:100930001F013F208840B06007E0A76D94F85C007D
:1009400000F01F010120884078602049206888421B
:1009500076D01E4918312068884271D01B49303149
:10096000206888426CD0194948312068884267D095
:10097000164960312068884262D014497831206875
:1009800088425DD0114990312068884258D00F4983
:10099000A8312068884253D00D49206888424FD042
:1009A0000B491831206888424AD009493031206803
:1009B000884245D0064948312068884240D00449E1
:1009C0006031206888423BD0014905E010000240B8
:1009D00010040240085402587831206888422FD011
:1009E0002549206888422BD0234918312068884245
:1009F00026D022492068884222D02049143120681C
:100A000088421DD01D4928312068884218D01B49D2
:100A10003C312068884213D0184950312068884200
:100A20000ED0164964312068884209D013497831C4
:100A30002068884204D011498C312068884201D155
:100A4000012000E0002068B1D4E919104860E06E90
:100A500040B1E06E006820F48070E16E0860D4E977
:100A60001C104860012084F8350000BF002084F885
:100A7000340000BF00BF9DE5A004024008540258A6
:100A800070B504460CB9012070BD94F835000228F9
:100A900003D0802060650120F6E7DC4920688842A9
:100AA00049D0DA4918312068884244D0D7493031DA
:100AB000206888423FD0D5494831206888423AD0E2
:100AC000D24960312068884235D0D04978312068D9
:100AD000884230D0CD499031206888422BD0CB4914
:100AE000A8312068884226D0C9492068884222D08F
:100AF000C7491831206888421DD0C5493031206867
:100B0000884218D0C24948312068884213D0C04971
:100B10006031206888420ED0BD4978312068884213
:100B200009D0BB4990312068884204D0B849A83127
:100B30002068884201D1012000E00020F0B30420A9
:100B400084F83500B149206888424BD0AF4918314C
:100B50002068884246D0AD4930312068884241D073
:100B6000AA494831206888423CD0A84960312068B1
:100B7000884237D0A54978312068884232D0A349CD
:100B80009031206888422DD0A049A8312068884241
:100B900028D09F492068884224D09D491831206878
:100BA00088421FD09A493031206888421AD098492B
:100BB00048312068884215D0954900E020E0603136
:100BC000206888420ED0924978312068884209D046
:100BD0008F4990312068884204D08D49A83120681F
:100BE000884206D12068006820F001002168086072
:100BF00009E12068006820F001002168086002E136
:100C00002068006820F00E00216808607F49206895
:100C1000884249D07D4918312068884244D07B49B8
:100C20003031206888423FD0784948312068884276
:100C30003AD0764960312068884235D0734978319E
:100C40002068884230D071499031206888422BD08A
:100C50006E49A8312068884226D06D4920688842B4
:100C600022D06B491831206888421DD06849303144
:100C70002068884218D0664948312068884213D0DD
:100C800063496031206888420ED06149783120681C
:100C9000884209D05E4990312068884204D05C497E
:100CA000A8312068884206D12068006820F0010041
:100CB0002168086005E02068006820F001002168D4
:100CC000086052492068884270D050491831206825
:100CD00088426BD04D4930312068884266D04B49FC
:100CE00048312068884261D0484960312068884294
:100CF0005CD0464978312068884257D043499031CA
:100D00002068884252D04149A831206888424DD09D
:100D10003F492068884249D03D49183120688842BF
:100D200044D03B493031206888423FD0384948316F
:100D3000206888423AD0364960312068884235D0F0
:100D4000334978312068884230D031499031206869
:100D500088422BD02E49A8312068884226D02D49C0
:100D60002068884222D02B491431206888421DD047
:100D7000284928312068884218D026493C3120680B
:100D8000884213D023495031206888420ED021492F
:100D900064312068884209D01E4978312068884231
:100DA00004D01C498C312068884201D1012000E028
:100DB0000020D8B1206E006820F48070216E086099
:100DC000A56D94F85C0000F01F0101208840686068
:100DD000D4E919104860E06E40B1E06E006820F47C
:100DE0008070E16E0860D4E91C104860012084F82E
:100DF000350000BF002084F8340000BF206D10B122
:100E00002046216D884700203EE600001000024089
:100E100010040240085402580348006840F00100E2
:100E2000014908607047000020040058F8B50246E8
:100E30000B4600216F4DD7E001278F401E6806EA60
:100E40000704002C72D01E7906F00306012E04D090
:100E50001E7906F00306022E13D190684F00032678
:100E6000BE40B0434F00DE68BE40304390605068E3
:100E700001268E40B0431E79C6F300168E403043E3
:100E800050601E7906F00306032E09D0D0684F008B
:100E90000326BE40B0434F009E68BE403043D06042
:100EA0001E7906F00306022E13D1CF0802F12006A8
:100EB00056F827004E07F70E0F26BE40B0434F07E7
:100EC000FF0E1E69BE403043CF0802F1200646F8EF
:100ED000270010684F000326BE40B0431E7906F07D
:100EE00003064F00BE40304310605E6806F4403693
:100EF000002E78D000BF404E366846F002063E4FC6
:100F00003E603E46366806F00206009600BF00BF0F
:100F10003A4E8F0856F827008E07370F0F26BE402F
:100F2000B043374EB24202D100262EE05BE0354E90
:100F3000B24201D1012628E0334EB24201D102264D
:100F400023E0324EB24201D103261EE0304EB242BF
:100F500001D1042619E02F4EB24201D1052614E03A
:100F60002D4EB24201D106260FE02C4EB24201D1E5
:100F700007260AE02A4EB24201D1082605E0294E92
:100F8000B24201D1092600E00A268F073F0FBE407A
:100F900030431A4E8F0846F827004FF0B0463068AD
:100FA000A0435E6806F4801606B120434FF0B046B9
:100FB00030607068A0435E6806F4001606B12043F6
:100FC0004FF0B04670606868A0435E6806F4003673
:100FD00006B1204368602868A0435E6806F4803646
:100FE00006B120432860491C1E68CE40002E7FF4C5
:100FF00023AFF8BD80000058F4440258080400589C
:10100000000002580004025800080258000C025860
:10101000001002580014025800180258001C025810
:101020000020025800240258024613690B400BB1FD
:10103000012000E00020704710B5426921EA020358
:1010400002EA010443EA0443836110BD0AB18161ED
:1010500001E00B048361704701480068000C704791
:101060000010005C01480068704700001400002474
:10107000034800680349097808440149086070473B
:10108000140000241C00002410B5032000F00EF909
:1010900001F084FD10490968C1F303210F4A515C36
:1010A00001F01F0120FA01F40B48006800F00F0066
:1010B0001146085C00F01F0024FA00F0084908609F
:1010C000084804600F2000F00FF808B1012010BD9F
:1010D00000F09AF80020FAE718440258B44D0008CE
:1010E000040000240000002470B504461148007874
:1010F00008B9012070BD0F4800784FF47A71B1FB38
:10110000F0F00D490968B1FBF0F5284602F0A0FAAD
:1011100008B10120EEE7102C07D200222146501E14
:1011200000F087F80548046001E00120E2E70020B4
:10113000E0E700001C000024000000241800002448
:101140004178154A11600178F9B1121D41681160AA
:10115000017B0907C27A41EA0261827A41EAC2410F
:10116000427B41EA8241827B41EA4241C27B41EAC1
:101170000241427A41EA0221027A41EA42010278BE
:101180001143054A0832116005E00021024A121D90
:101190001160121D1160704798ED00E000BF00BFA4
:1011A00000BFBFF35F8F00BF00BF00BF05480068EE
:1011B00020F4803003490860002002497031086043
:1011C0007047000024ED00E040F001010D4A11607D
:1011D0000C497039096841F480310A4A703A11604B
:1011E00000BF00BF00BFBFF34F8F00BF00BF00BFF5
:1011F00000BF00BF00BFBFF36F8F00BF00BF00BFC5
:101200007047000094ED00E0704701460846002852
:101210000DDB00BF00BF00F01F0301229A4043090D
:101220009B0003F1E023C3F8002100BF00BF00BF13
:1012300070472DE9F05F80460D46164602F062FDCC
:10124000074639462A46334601F00700C0F1070A2F
:10125000BAF1040F02D94FF0040A01E0C0F1070A05
:10126000D14600F1040ABAF1070F02D24FF0000A8A
:1012700001E0A0F1030AD4464FF0010A0AFA09FA84
:10128000AAF1010A0AEA020A0AFA0CFA4FF0010B63
:101290000BFA0CFBABF1010B0BEA030B4AEA0B0454
:1012A0002146404602F036FDBDE8F09F00BF00F049
:1012B0000702064B19684FF6FF031940044B0B4316
:1012C00043EA0221014B196000BF70470CED00E0BA
:1012D0000000FA050348006840F08070014908608A
:1012E000704700000C4802582DE9F84304460D46AB
:1012F0001746FFF7B7FE8046A86900B100BFE8694E
:1013000000B100BF286A00B100BF00BF94F84000E0
:10131000012802D10220BDE8F883012084F84000B2
:1013200000BF94F84100012828D100206064022009
:1013300084F841004346002220212046009702F015
:1013400047FB0646DEB900222946204602F04CFA49
:10135000686A78B94346012202212046009702F0CC
:1013600037FB06465EB902202168C860012084F878
:10137000410004E0012084F8410000E0022600BFA3
:10138000002084F8400000BF3046C4E7F8B50446AA
:10139000FFF768FE06460CB90120F8BD206A402818
:1013A00000D000BF94F8410038B9204600F046F85C
:1013B00041F28831204600F0B4F82068006820F43B
:1013C000F851A068401E41EA002021680860A06C26
:1013D0003346002220210090204602F0F9FA05460B
:1013E00035BB2179E06840EA0160E1690843216A80
:1013F0000843216809680F4A1140084321680860C2
:10140000208A616941EA0040A1690843216849686E
:10141000094A11400843216848602068006840F08C
:1014200001002168086000206064012084F8410008
:101430002846B2E72FFFFF00FEF8E0FF70472DE9D6
:10144000F84F04460E4617460025FFF70BFE804670
:101450002068D0F81890206800F1200A00BF94F8A6
:101460004000012802D10220BDE8F88F012084F855
:10147000400000BF94F8410001284AD10020606478
:10148000002E40D0222084F8410020680069401CD2
:10149000A06320680069401C60632663206840697F
:1014A00020F0406040F08060216848612068C0F80A
:1014B000189013E04346012206212046009702F0CF
:1014C00087FA054605B10CE09AF80000216B087018
:1014D000206B401C2063A06B401EA063A06B002803
:1014E000E8D100BF5DB943460122022120460097A2
:1014F00002F06EFA054615B902202168C860012085
:1015000084F8410006E0606C40F00800606401254A
:1015100000E0022500BF002084F8400000BF2846FC
:10152000A2E7816470472DE9F84304460E4617464A
:101530000025FFF797FD8046206800F1200900BFD5
:1015400094F84000012802D10220BDE8F883012070
:1015500084F8400000BF94F84100012845D10020E4
:101560006064002E3BD0122084F84100206800699E
:10157000401CE06220680069401CA062666220682E
:10158000406920F040602168486113E04346012231
:1015900004212046009702F01BFA054605B10CE035
:1015A000606A007889F80000606A401C6062E06A46
:1015B000401EE062E06A0028E8D100BF5DB9434602
:1015C000012202212046009702F002FA054615B9D1
:1015D00002202168C860012084F8410006E0606CA8
:1015E00040F008006064012500E0022500BF0020F3
:1015F00084F8400000BF2846A7E7000010B501F0BE
:1016000083FA05490968C1F30211044A515C01F0EB
:101610001F01C84010BD000020440258B44D00080E
:1016200070B50146844D2D6805F00303824D2D6889
:10163000C5F30530804D2D1D2D68C5F300147E4D7A
:1016400014352D68C5F3CC0515FB04F501EE105AD1
:10165000B8EE411AF0EE410A00286FD023B1012BF9
:101660004ED0022B6BD16BE0734D283D2D68C5F336
:1016700040153DB3704D283D2D68C5F3C1066F4D33
:1016800025FA06F201EE102AF8EE411A01EE100AD0
:10169000B8EE411A81EE812A9FED691AC0EE811AD7
:1016A000654D10352D68C5F3080501EE105AB8EEEA
:1016B000411A31EE811AF7EE001A31EE211A22EEAC
:1016C000010A1CE001EE100AB8EE411ADFED5D1AC6
:1016D00081EE812A9FED5A1AC0EE811A564D1035BF
:1016E0002D68C5F3080501EE105AB8EE411A31EE27
:1016F000811AF7EE001A31EE211A22EE010A5BE0A0
:1017000001EE100AB8EE411ADFED4F1A81EE812A80
:101710009FED4B1AC0EE811A474D10352D68C5F369
:10172000080501EE105AB8EE411A31EE811AF7EEB3
:10173000001A31EE211A22EE010A3DE077E01DE0A9
:1017400001EE100AB8EE411A9FED402AC2EE011ACE
:101750009FED3B1A80EE812A374D10352D68C5F379
:10176000080501EE105AB8EE411A32EE011AB7EE32
:10177000002A31EE021A21EE810A1DE001EE100A64
:10178000B8EE411ADFED301A81EE812A9FED2C1A56
:10179000C0EE811A284D10352D68C5F3080501EEFD
:1017A000105AB8EE411A31EE811AF7EE001A31EEF6
:1017B000211A22EE010A00BF00BF1F4D10352D680F
:1017C000C5F3462501EE105AB8EE411AF7EE001A9D
:1017D00031EE211AC0EE011ABCEEE11A81ED001AB9
:1017E000154D10352D68C5F3064501EE105AB8EEBB
:1017F000411AF7EE001A31EE211AC0EE011ABCEEC2
:10180000E11A81ED011A0C4D10352D68C5F30665FE
:1018100001EE105AB8EE411AF7EE001A31EE211A15
:10182000C0EE011ABCEEE11A81ED021A03E00025B8
:101830000D604D608D6070BD284402580090D0034B
:10184000000000460024744C0024744A0024F44A2A
:1018500070B50146844D2D6805F00303824D2D6857
:10186000C5F30550804D2D1D2D68C5F300247E4D18
:101870001C352D68C5F3CC0515FB04F501EE105A97
:10188000B8EE411AF0EE410A00286FD023B1012BC7
:101890004ED0022B6BD16BE0734D283D2D68C5F304
:1018A00040153DB3704D283D2D68C5F3C1066F4D01
:1018B00025FA06F201EE102AF8EE411A01EE100A9E
:1018C000B8EE411A81EE812A9FED691AC0EE811AA5
:1018D000654D18352D68C5F3080501EE105AB8EEB0
:1018E000411A31EE811AF7EE001A31EE211A22EE7A
:1018F000010A1CE001EE100AB8EE411ADFED5D1A94
:1019000081EE812A9FED5A1AC0EE811A564D183584
:101910002D68C5F3080501EE105AB8EE411A31EEF4
:10192000811AF7EE001A31EE211A22EE010A5BE06D
:1019300001EE100AB8EE411ADFED4F1A81EE812A4E
:101940009FED4B1AC0EE811A474D18352D68C5F32F
:10195000080501EE105AB8EE411A31EE811AF7EE81
:10196000001A31EE211A22EE010A3DE077E01DE077
:1019700001EE100AB8EE411A9FED402AC2EE011A9C
:101980009FED3B1A80EE812A374D18352D68C5F33F
:10199000080501EE105AB8EE411A32EE011AB7EE00
:1019A000002A31EE021A21EE810A1DE001EE100A32
:1019B000B8EE411ADFED301A81EE812A9FED2C1A24
:1019C000C0EE811A284D18352D68C5F3080501EEC3
:1019D000105AB8EE411A31EE811AF7EE001A31EEC4
:1019E000211A22EE010A00BF00BF1F4D18352D68D5
:1019F000C5F3462501EE105AB8EE411AF7EE001A6B
:101A000031EE211AC0EE011ABCEEE11A81ED001A86
:101A1000154D18352D68C5F3064501EE105AB8EE80
:101A2000411AF7EE001A31EE211AC0EE011ABCEE8F
:101A3000E11A81ED011A0C4D18352D68C5F30665C4
:101A400001EE105AB8EE411AF7EE001A31EE211AE3
:101A5000C0EE011ABCEEE11A81ED021A03E0002586
:101A60000D604D608D6070BD284402580090D00319
:101A7000000000460024744C0024744A0024F44AF8
:101A80002DE9F04104460025A8464FF00062D4E954
:101A9000001011400020134659404040014331D10D
:101AA000A06E48B1B0F5801F0DD0B0F5001F11D069
:101AB000B0F5401F16D114E0F948006840F400303A
:101AC000F749086010E0022104F1080001F0A6FFC8
:101AD000054609E0022104F1280002F051F805460C
:101AE00002E001E0012500BF00BF55B9EC482430F9
:101AF000006820F44010A16E0843E94924310860D1
:101B000000E0A8464FF48073D4E90010194000208B
:101B10005940404001432ED1A06D05281BD2DFE87B
:101B200000F0030A11181900DD48006840F4003085
:101B3000DB49086011E0002104F1080001F06EFFAC
:101B400005460AE0002104F1280002F019F80546D4
:101B500003E002E001E0012500BF00BF55B9D04815
:101B60002430006820F00700A16D0843CC492431DF
:101B7000086000E0A8464FF40073D4E90010194053
:101B8000002059404040014334D1E06D802818D0F6
:101B900003DC40B140281DD10CE0C02818D0B0F5BE
:101BA000807F17D115E0BE48006840F40030BC4982
:101BB000086011E0002104F1080001F02FFF054644
:101BC0000AE0002104F1280001F0DAFF054603E0F5
:101BD00002E001E0012500BF00BF55B9B048243044
:101BE000006820F4E070E16D0843AD4924310860DD
:101BF00000E0A8464FF48063D4E9001019400020AB
:101C000059404040014339D1D4F8A800B0F5800FC5
:101C10001AD004DC50B1B0F5001F1ED10DE0B0F5B4
:101C2000C00F18D0B0F5000F17D115E09C48006820
:101C300040F400309A49086011E0002104F10800E6
:101C400001F0ECFE05460AE0002104F1280001F055
:101C500097FF054603E002E001E0012500BF00BF59
:101C60005DB98F482C30006820F46000D4F8A810CB
:101C700008438B492C31086000E0A8464FF400620D
:101C8000D4E9001011400020134659404040014360
:101C900039D1D4F8AC00B0F1007F1AD004DC50B1D7
:101CA000B0F1807F1ED10DE0B0F1407F18D0B0F1CF
:101CB000806F17D115E07A48006840F40030784909
:101CC000086011E0002104F1080001F0A7FE0546BC
:101CD0000AE0002104F1280001F052FF054603E06C
:101CE00002E001E0012500BF00BF5DB96C482C3067
:101CF000006820F0E060D4F8AC10084368492C314B
:101D0000086000E0A8464FF00073D4E900011840D5
:101D1000002158404940084328D1E06CA8B1102860
:101D200004D0202809D0302810D10DE05C4800688C
:101D300040F400305A4908600AE0022104F108002A
:101D400001F06CFE054603E002E001E0012500BF62
:101D500000BF55B952482030006820F03000E16CD7
:101D600008434F492031086000E0A8464FF48053F3
:101D7000D4E900101940002059404040014337D1B8
:101D8000206EB0F5005F1AD004DC50B1B0F5805F72
:101D90001ED10DE0B0F5405F18D0B0F5804F17D1DF
:101DA00015E03F48006840F400303D49086011E00C
:101DB000002104F1080001F031FE05460AE000218F
:101DC00004F1280001F0DCFE054603E002E001E03A
:101DD000012500BF00BF55B931482430006820F408
:101DE000E040216E08432E492431086000E0A846F7
:101DF0004FF40053D4E900101940002059404040EE
:101E0000014335D1606EB0F5403F1ED007DC68B1AC
:101E1000B0F5803F0BD0B0F5003F19D10EE0B0F522
:101E2000802F13D0B0F5A02F12D110E012E00121C5
:101E300004F1080001F0F2FD05460BE0012104F178
:101E4000280001F09DFE054604E003E002E001E009
:101E5000012500BF00BF55B911482430006820F4A7
:101E6000E020616E08430E492431086000E0A84676
:101E70004FF48043D4E90001184000215840494004
:101E8000084337D1D4F8B000B0F1405F20D009DC6E
:101E900078B1B0F1805F0DD0B0F1005F1BD110E0E0
:101EA0002C440258B0F1804F13D0B0F1A04F12D1A2
:101EB00010E012E0012104F1080001F0AFFD054639
:101EC0000BE0012104F1280001F05AFE054604E070
:101ED00003E002E001E0012500BF00BF4DB9FE486C
:101EE000006820F0E040D4F8B0100843FA490860D8
:101EF00000E0A8464FF40042D4E900101140002051
:101F0000134659404040014329D1206FB0B1B0F190
:101F1000805F03D0B0F1005F11D108E0EE482C38AB
:101F2000006840F40030EC492C39086009E00121D8
:101F300004F1080001F072FD054602E001E0012510
:101F400000BF00BF55B9E4480838006820F0405091
:101F5000216F0843E0490839086000E0A8464FF0C7
:101F60008072D4E9001011400020134659404040CF
:101F700001432AD1A06CB8B1012804D002280BD0AB
:101F8000032812D10FE0D4482C38006840F4003008
:101F9000D1492C3908600AE0022104F1080001F05F
:101FA0003DFD054603E002E001E0012500BF00BF62
:101FB00055B9C9480C38006820F00300A16C0843EB
:101FC000C5490C39086000E0A8464FF48002D4E906
:101FD00000011040002113465840494008437DD17C
:101FE000BE48006840F48070BC490860FFF73AF8CA
:101FF000064606E0FFF736F8801B642801D9032562
:1020000005E0B648006800F480700028F2D000BFF8
:1020100085BBB1481830006800F44070B4F8B410C3
:1020200001F44071884213D0AB481830006820F4A6
:102030004077A9481830006840F48030A64918312C
:1020400008600846006820F4803008600846076091
:10205000D4F8B400B0F5807F15D1FFF703F8064639
:1020600009E0FEF7FFFF801B41F28831884202D968
:10207000032507E038E0984818300068C0F34000B6
:102080000028EED000BF55BB00BFB4F8B40000F488
:102090004070B0F5407F0ED18F484838006820F47A
:1020A0007C518F4AD4F8B400104041EA10108A499C
:1020B0004839086007E088484838006820F47C50B8
:1020C000854948390860844818300068B4F8B4106D
:1020D000C1F30B0108438049183101E005E001E03C
:1020E000086002E0A84600E0A8460122D4E9000109
:1020F00010400021134658404940084330D1E06F5A
:1021000018281AD005DC48B1082808D0102817D1A3
:102110000CE0202812D0282812D110E012E0012172
:1021200004F1080001F07AFC05460BE0012104F1FE
:10213000280001F025FD054604E003E002E001E08F
:10214000012500BF00BF55B96348001F006820F09B
:102150003800E16F08436049091F086000E0A846A5
:102160000222D4E9000110400021134658404940A2
:10217000084329D1A06F062816D2DFE800F0030437
:102180000B12131412E0012104F1080001F046FCC7
:1021900005460BE0012104F1280001F0F1FC0546A1
:1021A00004E003E002E001E0012500BF00BF55B9F3
:1021B0004948001F006820F00700A16F0843464906
:1021C000091F086000E0A8460423D4E90010194064
:1021D000002059404040014329D1D4F894000628FA
:1021E00016D2DFE800F003040B12131412E00121F1
:1021F00004F1080001F012FC05460BE0012104F196
:10220000280001F0BDFC054604E003E002E001E027
:10221000012500BF00BF4DB92F48006820F007001E
:10222000D4F8941008432C49086000E0A846202305
:10223000D4E900011840002158404940084337D1F3
:10224000D4F89000B0F1405F1ED007DC68B1B0F167
:10225000805F0BD0B0F1005F19D10EE0B0F1804F7C
:1022600013D0B0F1A04F12D110E012E0002104F120
:10227000080001F0D3FB05460BE0022104F1280021
:1022800001F07EFC054604E003E002E001E00125E8
:1022900000BF00BF5DB91048001F006820F0E0409B
:1022A000D4F8901008430C49091F086000E0A846C4
:1022B0004023D4E900101940002059404040014318
:1022C0003CD1D4F89C00B0F5406F25D00EDCA0B115
:1022D000B0F5806F12D005E058440258004802580B
:1022E000FFFCFF0FB0F5006F19D10EE0B0F5805F75
:1022F00013D0B0F5A05F12D110E012E0002104F17C
:10230000080001F08BFB05460BE0022104F12800D8
:1023100001F036FC054604E003E002E001E001259F
:1023200000BF00BF4DB9FE48006820F4E050D4F86B
:102330009C100843FA49086000E0A8468023D4E9CD
:1023400000101940002059404040014335D1D4F8D5
:10235000A000B0F5C04F1ED007DC68B1B0F5005F3B
:102360000BD0B0F5804F19D10EE0B0F5004F13D06F
:10237000B0F5204F12D110E012E0002104F1080066
:1023800001F04CFB05460BE0022104F1280001F0AE
:10239000F7FB054604E003E002E001E0012500BF91
:1023A00000BF4DB9DE48006820F46040D4F8A010AA
:1023B0000843DB49086000E0A8460823D4E9001080
:1023C0001940002059404040014317D1D4F88400FF
:1023D000B0F5805F07D1022104F1280001F0D0FBA5
:1023E00008B14FF00108CE48001F006820F44050AB
:1023F000D4F884100843CA49091F08601023D4E99F
:1024000000101940002059404040014315D1D4F834
:102410009800B0F5807F07D1022104F1280001F077
:10242000AFFB08B14FF00108BD48006820F44070D0
:10243000D4F898100843BA4908604FF40022D4E950
:10244000000110400021134658404940084327D15D
:10245000D4F8A40030B1B0F5803F0AD0B0F5003F09
:102460000FD10DE0002104F1080001F0D7FA054674
:1024700009E0022104F1280001F082FB054602E098
:1024800001E0012500BF00BF4DB9A548006820F458
:102490004030D4F8A4100843A149086000E0A846E1
:1024A0004FF48023D4E900011840002158404940EE
:1024B00008432DD1D4F88800B0F5801F06D0B0F5C0
:1024C000001F0CD0B0F5401F11D10FE094482C38FC
:1024D000006840F4003092492C39086009E001217D
:1024E00004F1280001F04CFB054602E001E0012563
:1024F00000BF00BF5DB98A48001F006820F440108B
:10250000D4F8881008438649091F086000E0A846EF
:102510004FF48032D4E900011040002113465840A6
:102520004940084325D1206D18B1B0F5803F10D146
:1025300008E07B482C38006840F4003078492C399A
:10254000086008E0022104F1080001F067FA05467E
:1025500001E0012500BF00BF55B971480C38006883
:1025600020F48030216D08436D490C39086000E08B
:10257000A8464FF00052D4E9001011400020134645
:1025800059404040014307D1022104F1280001F0E5
:10259000F7FA08B14FF001084FF40033D4E9000115
:1025A0001840002158404940084329D1D4F8800000
:1025B000A0B1B0F5807F06D0B0F5007F0CD0B0F5AB
:1025C000407F0CD109E056482C38006840F40030B8
:1025D00053492C39086004E003E002E001E00125E2
:1025E00000BF00BF5DB94E48001F006820F4407076
:1025F000D4F8801008434A49091F086000E0A84643
:102600004FF48012D4E900101140002013465940C5
:102610004040014309D142480838006820F000409A
:10262000616F08433E49083908604FF08052D4E991
:1026300000101140002013465940404001430AD188
:1026400037484838006820F48040D4F8B810084370
:102650003349483908604FF40012D4E900101140A2
:102660000020134659404040014309D12C48083806
:10267000006820F08070E16E08432949083908603D
:102680004FF08042D4E90010114000201346594019
:102690004040014311D100BF21484838006820F470
:1026A00000401F494839086008460068D4F8BC104B
:1026B00008431B494839086000BF4FF00042D4E985
:1026C000001011400020134659404040014309D1F9
:1026D00013480C38006820F04050616D08431049E1
:1026E0000C3908604FF40002D4E9001011400020BA
:1026F00013465940404001430AD10948001F006871
:1027000020F44000D4F88C1008430549091F0860E4
:10271000012300216068184001224940504001E037
:1027200058440258014306D104F1080001F076F93B
:10273000054605B1A84602220021606810404940C4
:102740005040014307D1012104F1080001F066F96E
:10275000054605B1A84604230020616819400422FB
:1027600040405140084307D1022104F1080001F024
:1027700055F9054605B1A8460823002160681840B0
:10278000082249405040014306D104F1280001F0DD
:10279000F7F9054605B1A8461022002160681040EF
:1027A00049405040014307D1012104F1280001F0C4
:1027B000E7F9054605B1A8462022002061681140CE
:1027C00040405140084307D1022104F1280001F0A4
:1027D000D7F9054605B1A846B8F1000F02D100208F
:1027E000BDE8F0810120FBE72DE9F04104460D46EC
:1027F00014B90120BDE8F081BD48006800F00F0069
:10280000A8420ED2BA48006820F00F002843B84909
:1028100008600846006800F00F00A84201D00120BF
:10282000E8E7207800F0040004280ED1B1492069BF
:10283000096801F07001884207D9AE48006820F0AD
:10284000700021690843AB490860207800F0080057
:10285000082811D1A749091D6069096801F07001B4
:10286000884209D9A348001D006820F07000616902
:102870000843A049091D0860207800F010001028C6
:1028800011D19C49091DA069096801F4E0618842E1
:1028900009D99848001D006820F4E060A169084348
:1028A0009449091D0860207800F02000202811D1EB
:1028B00090490831E069096801F07001884209D93E
:1028C0008C480830006820F07000E16908438949AD
:1028D00008310860207800F0020002280ED18549F6
:1028E000E068096801F00F01884207D98148006853
:1028F00020F00F00E16808437E490860207800F06E
:102900000100002850D07B48006820F47060A16866
:102910000843784908606068022807D1754818386C
:102920000068C0F34040F8B9012063E760680328FD
:1029300007D1704818380068C0F34060A0B9012082
:1029400058E76068012807D16A4818380068C0F362
:10295000002048B901204DE7664818380068C0F3E8
:10296000800008B9012045E762480838006820F077
:102970000700616808435F4908390860FEF772FB89
:10298000064608E0FEF76EFB801B41F28831884264
:1029900001D903202EE757480838006800F03800B6
:1029A0006168B0EBC10FEDD1207800F00200022881
:1029B0000ED15049E068096801F00F01884207D242
:1029C0004C48006820F00F00E1680843494908605E
:1029D0004748006800F00F00A8420ED9444800683C
:1029E00020F00F002843424908600846006800F0C4
:1029F0000F00A84201D00120FCE6207800F004007E
:102A000004280ED13B492069096801F07001884211
:102A100007D23848006820F0700021690843354922
:102A20000860207800F00800082811D13149091DFC
:102A30006069096801F07001884209D22D48001DC3
:102A4000006820F07000616908432A49091D086088
:102A5000207800F01000102811D12649091DA06926
:102A6000096801F4E061884209D22248001D00682B
:102A700020F4E060A16908431E49091D0860207820
:102A800000F02000202811D11A490831E0690968B6
:102A900001F07001884209D216480830006820F021
:102AA0007000E169084313490831086000F076F8C6
:102AB00010490968C1F303210F4A515C01F01F015D
:102AC00020FA01F70B48006800F00F001146085C7F
:102AD00000F01F0027FA00F0084908600848076066
:102AE00008480068FEF700FB8046404682E600008A
:102AF0000020005218440258B44D0008040000247D
:102B0000000000241800002410B500F047F80D491B
:102B10000968C1F303210C4A515C01F01F0120FA3E
:102B200001F40848006800F00F001146085C00F04E
:102B30001F0024FA00F005490860054804600846B3
:102B4000006810BD18440258B44D00080400002469
:102B50000000002400B5FFF7D7FF05490968C1F35D
:102B60000211044A515C01F01F01C84000BD000081
:102B70001C440258B44D000800B5FFF7C5FF0549D5
:102B80000968C1F30221044A515C01F01F01C840E9
:102B900000BD00001C440258B44D0008F0B5824E40
:102BA000366806F0380636B1082E15D0102E15D02E
:102BB000182E7DD114E07C4E103E3668C6F34016C8
:102BC00046B1794E103E3668C6F3C107774E26FAF5
:102BD00007F000E07548E5E07548E3E07548E1E09E
:102BE000714E1836366806F003046F4E1836366894
:102BF000C6F305116C4E1C36366806F001056A4EA8
:102C000024363668C6F3CC0616FB05F601EE106ACC
:102C1000B8EE410A002971D024B1012C50D0022C09
:102C20006DD16DE0604E103E3668C6F340163EB37F
:102C30005D4E103E3668C6F3C1075C4E26FA07F3B8
:102C400001EE103AF8EE411A01EE101AB8EE411AF0
:102C500081EE812A9FED581AC0EE011A524E20369D
:102C60003668C6F3080601EE106AB8EE411A31EE76
:102C7000811AF7EE001A31EE211A62EE010A1EE007
:102C800001EE101AB8EE411ADFED4C1A81EE812ADE
:102C90009FED491AC0EE011A434E20363668C6F33E
:102CA000080601EE106AB8EE411A31EE811A00E012
:102CB00076E0F7EE001A31EE211A62EE010A5BE0CF
:102CC00001EE101AB8EE411A9FED3D2AC2EE011A2C
:102CD0009FED391A80EE012A334E20363668C6F34E
:102CE000080601EE106AB8EE411A32EE011AB7EE8C
:102CF000002A31EE021A61EE810A3DE04EE01DE04D
:102D000001EE101AB8EE411ADFED2E1A81EE812A7B
:102D10009FED291AC0EE011A234E20363668C6F3FD
:102D2000080601EE106AB8EE411A31EE811AF7EE8C
:102D3000001A31EE211A62EE010A1DE001EE101AAE
:102D4000B8EE411A9FED1E2AC2EE011A9FED1A1A23
:102D500080EE012A144E20363668C6F3080601EECE
:102D6000106AB8EE411A32EE011AB7EE002A31EEBF
:102D7000021A61EE810A00BF00BF0B4E2036366892
:102D8000C6F34626721C01EE102AB8EE411AC0EEB8
:102D9000811ABCEEE11A11EE100A00E0002001E0F9
:102DA000034800BF00BFF0BD104402580090D0039C
:102DB00000093D0000127A00000000460024744C17
:102DC0000024744A0024F44A2DE9F047044614B95B
:102DD0000120BDE8F087207800F00100002872D0C3
:102DE000FC48006800F03808FA481830D0F8009025
:102DF000B8F1100F06D0B8F1180F0FD109F0030089
:102E000002280BD1F34810380068C0F34040002876
:102E10006ED0606800286BD10120DAE700BF6068DF
:102E2000B0F5803F08D1EB481038006840F480309E
:102E3000E849103908602EE0606868B9E548103844
:102E4000006820F48030E3491039086008460068C3
:102E500020F4802008601EE06068B0F5A02F0DD13E
:102E6000DC481038006840F48020DA4910390860E6
:102E70000846006840F4803008600CE0D5481038FF
:102E8000006820F48030D349103908600846006893
:102E900020F48020086000BF6068A8B1FEF7E2F867
:102EA000054608E0FEF7DEF8401B41F28831884213
:102EB00001D903208DE7C74810380068C0F34040AF
:102EC0000028EFD014E014E0FEF7CCF8054608E047
:102ED000FEF7C8F8401B41F28831884201D903202F
:102EE00077E7BC4810380068C0F340400028EFD1B5
:102EF00000BF207800F00200022874D1B5480068B5
:102F000000F03808B3481830D0F80090B8F1000F3E
:102F100005D0B8F1180F56D109F00300D0BBAD4869
:102F200010380068C0F3800018B1E06808B90120CB
:102F30004FE7A8481038006820F01900E1680843FE
:102F4000A44910390860FEF78DF8054606E0FEF743
:102F500089F8401B022801D903203AE79D48103820
:102F60000068C0F380000028F1D000BFFEF774F8BD
:102F700041F2030188421AD8206940280BD19548B4
:102F80000C38006820F47C3040F4003091490C3952
:102F9000086017E017E08F480C38006820F47C3098
:102FA000216940EA01308B490C3908600AE0894800
:102FB0000C38006820F0FE40217C40EA0160854921
:102FC0000C39086066E0E06888B382481038006811
:102FD00020F01900E16808437E4910390860FEF7C7
:102FE00041F8054607E056E0FEF73CF8401B022892
:102FF00001D90320EDE6774810380068C0F380005F
:103000000028F1D000BFFEF727F841F20301884203
:103010001AD8206940280BD16E480C38006820F47B
:103020007C3040F400306B490C39086017E017E041
:1030300068480C38006820F47C30216940EA01308F
:1030400064490C3908600AE062480C38006820F0D6
:10305000FE40217C40EA01605E490C39086019E0BD
:103060005C481038006820F001005A4910390860A7
:10307000FDF7F8FF054606E0FDF7F4FF401B0228C8
:1030800001D90320A5E6534810380068C0F380003A
:103090000028F1D100BF207800F0100010287CD16A
:1030A0004C48006800F038084A481830D0F80090C2
:1030B000B8F1080F06D0B8F1180F3DD109F00300A0
:1030C000012839D1434810380068C0F3002020B1EE
:1030D000E069802801D001207BE600BFFDF7BCFF3E
:1030E00041F2030188421AD8206A20280AD13948BF
:1030F0000C38006820F0F84040F0804035490C3929
:10310000086018E033480C38006820F0F84094F864
:10311000201040EA81602F490C3908600BE02D48EF
:10312000001F006820F07C5094F8201040EA0160F5
:103130002849091F086066E0E06978B3254810381F
:10314000006840F08000234910390860FDF78AFFCD
:10315000054606E0FDF786FF401B022801D9032043
:1031600037E61C4810380068C0F300200028F1D072
:1031700000BFFDF771FF41F2030188421CD8206AAD
:1031800020280CD113480C38006820F0F84040F09B
:10319000804010490C3908601AE035E01CE00D4809
:1031A0000C38006820F0F84094F8201040EA816064
:1031B00008490C3908600BE00648001F006820F041
:1031C0007C5094F8201040EA01600249091F086011
:1031D00019E0000010440258FA48006820F080000E
:1031E000F8490860FDF73EFF054606E0FDF73AFFA7
:1031F000401B022801D90320EBE5F2480068C0F328
:1032000000200028F2D100BF207800F00800082834
:1032100036D16069D0B1EB487430006840F00100ED
:10322000E84974310860FDF71DFF054606E0FDF72B
:1032300019FF401B022801D90320CAE5E148743078
:103240000068C0F340000028F1D019E0DD48743078
:10325000006820F00100DB4974310860FDF702FFCF
:10326000054606E0FDF7FEFE401B022801D90320BB
:10327000AFE5D44874300068C0F340000028F1D1B5
:10328000207800F02000202830D1A069B8B1CD48C6
:10329000006840F48050CB490860FDF7E3FE054626
:1032A00006E0FDF7DFFE401B022801D9032090E570
:1032B000C4480068C0F340300028F2D016E0C1488E
:1032C000006820F48050BF490860FDF7CBFE05463A
:1032D00006E0FDF7C7FE401B022801D9032078E570
:1032E000B8480068C0F340300028F2D1207800F0E0
:1032F000040004287DD1B448006840F48070B249CD
:103300000860FDF7AFFE054606E0FDF7ABFE401B8B
:10331000642801D903205CE5AB48006800F48070A4
:103320000028F2D000BFA068012808D1A54870305D
:10333000006840F00100A349703108602DE0A068EA
:1033400068B9A0487030006820F001009D497031D4
:1033500008600846006820F0040008601DE0A068CE
:1033600005280DD197487030006840F00400954959
:10337000703108600846006840F0010008600CE009
:1033800090487030006820F001008E49703108606C
:103390000846006820F00400086000BFA068A0B1E3
:1033A000FDF760FE054608E0FDF75CFE401B41F2BC
:1033B0008831884201D903200BE5824870300068CB
:1033C000C0F340000028EFD013E0FDF74BFE0546A8
:1033D00008E0FDF747FE401B41F28831884201D9E1
:1033E0000320F6E4774870300068C0F340000028FE
:1033F000EFD1606A00287DD072481030006800F07C
:103400003800182877D0606A022875D16D480068A6
:1034100020F080706B490860FDF724FE054606E049
:10342000FDF720FE401B022801D90320D1E46548A6
:103430000068C0F340600028F2D100BFD4E90A1050
:1034400041EA00105F492831096840F2F3329143A4
:1034500008435C4928310860208E401EC0F30800F4
:10346000616B491E4FF47E4202EA41210843218FDD
:10347000491ED20102EA014108433C21095D491E6F
:10348000120202EA016108434E493031086000BF70
:10349000081F006820F00100091F08604948343007
:1034A00000684FF6F8718843A16C40EAC1004549B5
:1034B0003431086043482C30006820F00C00216C47
:1034C000084340492C3108600846006820F002009B
:1034D000616C08433B492C3108600846006840F4A1
:1034E000803008600846006840F4003008600846F4
:1034F000006802E093E038E01FE040F480200860BC
:103500000846006840F0010008602E48006840F05E
:1035100080702C490860FDF7A5FD054606E0FDF723
:10352000A1FD401B022801D9032052E42548006870
:10353000C0F340600028F2D071E02248006820F01B
:10354000807020490860FDF78DFD054606E0FDF717
:1035500089FD401B022801D903203AE4194800687C
:10356000C0F340600028F2D159E0164828300768BF
:10357000144830300668606A012821D007F0030142
:10358000A06A81421CD1C7F30511E06A884217D1B5
:10359000C6F30801206B401E814211D1606B401EB2
:1035A000C6F3462188420BD1A06B401EC6F30641EC
:1035B000884205D1E06B401EC6F30661884205D003
:1035C000012006E4004402580048025815480068EB
:1035D000C0F3CC07A06CB84221D01248083800686C
:1035E00020F001000F4908390860FDF73BFD054652
:1035F00000BFFDF737FD401BFBD00A4800684FF6BF
:10360000F8718843A16C40EAC1000649086005488A
:103610000838006840F001000249083908600020BD
:1036200048E4000034440258042808D14FF0E02157
:10363000096941F004014FF0E022116107E04FF009
:10364000E021096921F004014FF0E0221161704787
:1036500070B504462546681EB0F1807F01D3012075
:103660000FE0681E4FF0E02148610F214FF0FF305E
:1036700000F050FB00204FF0E02188610720086136
:10368000002070BD10B586B004462B4920688842E2
:1036900050D100BF00BF2948006840F01000274902
:1036A00008600846006800F01000009000BF00BFEE
:1036B00000BF00BF00BF21481038006840F0010083
:1036C0001E49103908600846006800F001000090AB
:1036D00000BF00BF00BF00BF00BF0846006840F049
:1036E000010008600846006800F00100009000BF7B
:1036F00000BF00BF4FF40070019002200290012033
:103700000390022004900720059001A90C48FDF7C2
:103710008DFB4FF4806001900720059001A90848B7
:10372000FDF784FB2520FDF770FD032211462520BF
:10373000FDF77FFD06B010BD00100140F0440258B7
:103740000000025810B504462049206888423BD149
:103750001F48008800F4004088BB1D48008800F422
:10376000804070B11B4800780A2803D00020184917
:10377000088024E01648008840F40040144908807E
:103780001DE0144800780D2806D11148008840F447
:1037900080400F49088012E00E4800780C490988E3
:1037A000C1F30D010C4A505409480088401C0849D7
:1037B000088008460088C72801DD00200880012213
:1037C00004490648FCF7B4FE10BD0000001001409B
:1037D0001000002412000024740100243C02002484
:1037E00000BFFEE77047704710B54B6A33B1B2F1C6
:1037F000406F03D08B6A5B1E046823618B69002BCA
:1038000076D00B6AE3B38B680468E361CB69FBB1E4
:10381000D1E90B3423434C6B23434C6A23438C8AFA
:1038200043EA84430C6923430C6A2343CC68234353
:10383000CC6923438C6923430C68234313430468F6
:103840006361B2F1406F02D04B680468A361BEE0CF
:10385000D1E90B3423434C6B23434C6A23438C8ABA
:1038600043EA84430C6923430C6A2343CC69234312
:103870008C6923430C682343134304686361A6E007
:10388000FFE7CB69EBB1D1E90B3423434C6B234306
:103890004C6A23438C8A43EA84430C6A2343CC68F2
:1038A0002343CC6923438C6923430C68234313438C
:1038B00004686361B2F1406FC9D04B680468A361CA
:1038C00085E0D1E90B3423434C6B23434C6A2343FB
:1038D0008C8A43EA84430C6A2343CC6923438C6972
:1038E00023430C6823431343046863616FE0FFE7DD
:1038F0000B6AC3B38B680468E361CB69EBB1D1E9B0
:103900000B3423434C6B23434C6A23438C8A43EA96
:1039100084430C6923430C6A2343CC682343CC695A
:1039200023438C692343134304686361B2F1406FFE
:103930004DD04B680468A36149E0D1E90B342343BF
:103940004C6B23434C6A23438C8A43EA84430C69BF
:1039500023430C6A2343CC6923438C6923431343D9
:103960000468636133E0FFE7CB69DBB1D1E90B3475
:1039700023434C6B23434C6A23438C8A43EA84439E
:103980000C6A2343CC682343CC6923438C692343CB
:10399000134304686361B2F1406F18D04B68046848
:1039A000A36114E04B6A93B1D1E90B3423434C6B10
:1039B00023434C6A23438C8A43EA84430C6A23439F
:1039C000CC6923438C69234313430468636110BDAE
:1039D0002DE9F04104460E4617469846069D12E032
:1039E000681C80B1FDF73EFBA0EB0800A84200D8A0
:1039F0004DB9042084F84100606C40F0010060641F
:103A00000120BDE8F08120688068304008B10120C5
:103A100000E00020B842E3D10020F2E72DE9F041B8
:103A200004460E4600275548006800F003000328AE
:103A300002D10120BDE8F08150482838006820F00C
:103A400080604E4928390860FDF70CFB054606E00A
:103A5000FDF708FB401B022801D90320EAE747488D
:103A600028380068C0F3C0600028F1D100BF434887
:103A7000006820F47C30216840EA01303F4908604A
:103A8000A088401EC0F30800A168491E4FF47E4282
:103A900002EA41210843A189491ED20102EA0141FB
:103AA0000843217C491E120202EA0161084333499E
:103AB0001031086000BF3148001D006820F0C000D0
:103AC000616908432D49091D08600846006820F017
:103AD0002000A16908432949091D086008460068BB
:103AE00020F0100008602548143000684FF6F87187
:103AF0008843E16940EAC1002049143108601F4849
:103B0000001D006840F010001C49091D08602EB916
:103B10000846006840F40020086012E0012E08D139
:103B20001648001D006840F480101449091D086003
:103B300007E01248001D006840F400100F49091DFD
:103B400008600E482838006840F080600B4928392A
:103B50000860FDF787FA054606E0FDF783FA401B8B
:103B6000022801D9032065E7044828380068C0F31B
:103B7000C0600028F1D038465CE7000028440258B5
:103B80002DE9F04104460E4600275548006800F034
:103B90000300032802D10120BDE8F08150482838F5
:103BA000006820F080504E4928390860FDF75AFA25
:103BB000054606E0FDF756FA401B022801D903200E
:103BC000EAE7474828380068C0F340700028F1D180
:103BD00000BF4348006820F07C70218840EA015013
:103BE0003F490860A088401EC0F30800A168491E34
:103BF0004FF47E4202EA41210843A189491ED201C5
:103C000002EA01410843217C491E120202EA0161D5
:103C1000084333491831086000BF3148001D00686F
:103C200020F44060616908432D49091D0860084679
:103C3000006820F40070A16908432949091D086043
:103C40000846006820F48070086025481C30006831
:103C50004FF6F8718843E16940EAC10020491C3100
:103C600008601F48001D006840F480701C49091D51
:103C700008602EB90846006840F48000086012E031
:103C8000012E08D11648001D006840F400001449B8
:103C9000091D086007E01248001D006840F08070B0
:103CA0000F49091D08600E482838006840F0805010
:103CB0000B4928390860FDF7D5F9054606E0FDF700
:103CC000D1F9401B022801D9032065E704482838B0
:103CD0000068C0F340700028F1D038465CE700006F
:103CE00028440258704710B5FDF7C2F910BD000016
:103CF00010B50248FCF721FC10BD00003C02002476
:103D000000BFFEE702480068C0F3022070470000D1
:103D10000CED00E010B5002804DB0A07130E054A7D
:103D2000135406E00A07140E034A00F00F031B1F8A
:103D3000D45410BD00E400E018ED00E000BF70476F
:103D400010B504460420FFF76FFC0148046010BD65
:103D50000800002470B504461E2094FBF0F594FB87
:103D6000F0F100FB114604E047F2305000F00CF88F
:103D70006D1E002DF8D12EB14FF47A7106FB01F0C3
:103D800000F002F870BD00000146114A12684A4373
:103D90004FF0E0235A6100229A611A46126942F0FC
:103DA00001021A6100BF4FF0E022106900F0010229
:103DB0001AB100F48032002AF5D04FF0E0221269E7
:103DC00022F001024FF0E0231A6100229A6170474D
:103DD0000800002400BF054AD26902F04002002A10
:103DE000F9D0C2B2014B9A62704700000010014046
:103DF0008AB00025002700F069FDFDF745F904238E
:103E000002221146F02000F0F1FE4FF4F070FFF7AF
:103E100097FF4FF4E13000F09FFF78484168F020B1
:103E20008847FCF78FFBFCF792FBFCF795FBFCF750
:103E300098FB4FF4784072A110221346CDE900217F
:103E40000290C82232211E20FCF790FB4FF47840EC
:103E50006DA110221346CDE900210290C82246210F
:103E60001E20FCF783FB4FF478406AA11022134612
:103E7000CDE900210290C8225A211E20FCF776FBD2
:103E80004FF4784067A110221346CDE9002102903B
:103E9000C8226E211E20FCF769FB00F03FFA07469E
:103EA00027E04FF4784065A110221346CDE90021A8
:103EB0000290C82282211E20FCF758FB4FF4FA70B2
:103EC000FFF748FF4FF4784061A110221346CDE977
:103ED00000210290C82282211E20FCF747FB4FF4EC
:103EE000FA70FFF737FF00BF20215E48FDF7A4F806
:103EF00000BF002FD5D04FF6FF708742D1D01F20D2
:103F000059A110221346CDE900210290C822822136
:103F10001E20FCF72BFB4FF080766DE00020FCF7B5
:103F20002AFB0446022C2DD14FF6FF7040F23F13BE
:103F3000EF22962100900020FCF722FB1F204FA1CA
:103F400010221346CDE900210290C82296211E209E
:103F5000FCF70CFB2B464F4A4FA103A8FCF715FBBF
:103F6000A6F164011A2203A800F0E6F91F204CA173
:103F700010221346CDE900210290C82296211E206E
:103F8000FCF7F4FA012C29D11F204BA11022134673
:103F9000CDE900210290C82296211E20FCF7E6FA06
:103FA000A6F164011A2203A800F0A2F91F2048A17B
:103FB00010221346CDE900210290C82296211E202E
:103FC000FCF7D4FA1F2003A910221346CDE90021E3
:103FD0000290C822AA211E20FCF7C8FA681C85B2EC
:103FE000142D06D100BF20211E48FDF725F800BF83
:103FF00000250A20FFF7AEFE90E7000080000024B5
:1040000053544D333200000051535049205445530E
:104010005400000041544F4D40414C49454E5445D9
:104020004B000000574B5F55503A5772697465203A
:10403000204B4559303A526561640000464C41536B
:104040004820436865636B204661696C65642100A4
:10405000506C6561736520436865636B2120202087
:1040600020202000001002585153504920464C4156
:1040700053482052656164792100000053746172D5
:104080007420577269746520464C4153482E2E2E79
:104090002E0000009A4D00082573256400000000E2
:1040A000464C4153482057726974652046696E69D1
:1040B0007368656421000000537461727420526556
:1040C000616420464C4153482E2E2E202E200000A5
:1040D00054686520446174612052656164656420A0
:1040E00049733A202020000010B500F0F9F900F0E3
:1040F00091F9002301221946C72000F039FB00F096
:1041000089F910BD10B50446240300F0E9F900F068
:1041100081F907480078002141EA0010401DC2B231
:104120000B462146202000F023FB00F073F910BD60
:104130002A00002410B5002400BF1A48806800F04F
:1041400020000028F9D14FF483701649486100BF60
:104150001448806800F002000028F9D01148C068B7
:1041600040F002000F49C8604FF6FF720021202086
:1041700000F092FB98B9EB2444F4807444F440645A
:104180000948007844EA003444F4404400BF44F451
:10419000801444F0407444F040640248446100F0EC
:1041A00037FC10BD005000522A00002410B5002436
:1041B00000F014F804460CB9FFF796FFFFF7BAFFBA
:1041C00010BD70B50446002500F008F8054615B985
:1041D0002046FFF797FFFFF7ADFF70BD70B50024D5
:1041E00000F014FC00BF00BF00BF00BF00BFBFF362
:1041F0004F8F00BF00BF00BF00BF00BF00BFBFF3B5
:104200006F8F00BF00BF00BF00203649086000BFAD
:1042100000BF00BFBFF34F8F00BF00BF00BF00BF94
:1042200000BF00BFBFF36F8F00BF00BF00BF00BF64
:1042300000BF00232C4D2B6000BF00BF00BF00BF9C
:10424000BFF34F8F00BF00BF00BF2B1F1868C0F324
:104250004E3100BFC0F3C90200BF43F6E07303EA6A
:1042600041134FF0404505EA82752B431D4D103533
:104270002B6000BF00BF131EA2F10102EDD10B1E87
:10428000A1F10101E6D100BF00BF00BFBFF34F8F16
:1042900000BF00BF00BF00BF00BF00BFBFF36F8FF4
:1042A00000BF00BF00BF00BF1048006820F0010041
:1042B0000E4908600846006840F0020008604FF6AA
:1042C000FF720021202000F0E7FA04463CB90020EC
:1042D000064948610846006840F001000860204631
:1042E00070BD000050EF00E084ED00E0005000528F
:1042F0002DE9F04106460D4617460024A5F1E0459C
:1043000000F084FB00BF03E0285D3055601C84B2E0
:10431000BC42F9DB00F07CFBBDE8F08170B5002405
:104320000025FFF75BFF044614B900F033F805469B
:10433000FFF700FF284670BD2DE9F04105460E4607
:1043400017460024FFF74AFF044624B93A4631468F
:10435000284600F069F8FFF7EDFE2046BDE8F08141
:1043600070B505460E46144609480078C02141EA5A
:10437000001040F00C00401CC2B206233146EB2076
:1043800000F0F6F92146284600F0DEF970BD000085
:104390002A00002438B500F0EBF800236522194606
:1043A000902000F0E5F90221684600F0CDF99DF873
:1043B00001009DF8001040EA01244EF61870844276
:1043C00002D1032001490870204638BD2A0000248C
:1043D00038B50446002000900025012C04D0022CA2
:1043E00004D0032C06D103E0052505E0352503E0C4
:1043F000152501E0052500BF00BF00234122194615
:10440000284600F0B5F90121684600F09DF99DF8B5
:10441000000038BD10B500BF0120FFF7D9FF00F044
:1044200001000028F8D110BD2DE9F05F81460F464C
:104430001646DFF8A8B04FEA1738C7F30B0ACAF5DB
:104440008054A64200DC344644E04FEA08314FF481
:1044500080525846FFF784FF002508E00AEB05006C
:104460001BF80000FF2800D003E0681C85B2A542BD
:10447000F4DB00BFA54216DA4046FFF743FE0025F5
:1044800007E019F8050005EB0A010BF80100681CAC
:1044900085B2A542F5DB4FEA08314FF48052584609
:1044A00000F026F804E022463946484600F020F89D
:1044B000A64200D10FE008F101084FF0000AA14424
:1044C0002744301B86B2B6F5805F02DD4FF480547E
:1044D00000E03446B9E700BFBDE8F09F7803002450
:1044E00010B5002301221946062000F041F910BD45
:1044F0002DE9F04107460E461446F0B2C0F580752E
:10450000AC4200DC254612E02A463146384600F02F
:1045100013F8AC4200D10BE02F442E44601B84B250
:10452000B4F5807F02DD4FF4807500E02546EBE7AF
:1045300000BFBDE8F081000070B505460E46144688
:10454000FFF7CEFF09480078C02141EA0010401D66
:10455000C2B200233146322000F00AF92146284633
:1045600000F086F9FFF756FF70BD00002A00002416
:1045700000B587B000BF6E48006840F480406C49C9
:1045800008600846006800F48040019000BF00BF4A
:1045900000BF00BF66480C30006840F0020064496C
:1045A0000C3108600846006800F00200019000BF6E
:1045B00000BF00BF00BF00BF0846006840F0020017
:1045C00008600846006800F00200019000BF00BFCC
:1045D00000BF00BF00BF0846006840F00800086048
:1045E0000846006800F00800019000BF00BF00BF4F
:1045F00000BF00BF0846006840F008000860084699
:10460000006800F00800019000BF00BF00BF00BFBD
:1046100000BF0846006840F01000086008460068C7
:1046200000F01000019000BF00BF00BF00BF00BF3E
:104630000846006840F0080008600846006800F07E
:104640000800019000BF00BF00BF042002900220BC
:10465000039001200490032005900920069002A9F0
:104660003448FCF7E3FB4020029002200390012035
:104670000490032005900A20069002A92D48FCF71B
:10468000D5FB4FF4006002900220039001200490BB
:10469000032005900920069002A92748FCF7C6FBD5
:1046A0004FF48050029002200390012004900320D8
:1046B00005900920069002A91F48FCF7B7FB0420CB
:1046C000029002200390012004900320059009200D
:1046D000069002A91948FCF7A9FB4FF4005002907C
:1046E00002200390012004900320059009200690E9
:1046F00002A91148FCF79AFB1148124908600120F1
:10470000486004210F4881601021C16018210161B7
:104710004FF400714161012181610021C161016299
:10472000FCF734FE10B9002007B000BD0120FBE704
:10473000D444025800040258000C025800100258D9
:10474000005000522C03002470B504460D46681E2C
:1047500006490968086141F2883221460348FCF79E
:104760006EFE08B9002070BD0120FCE72C03002478
:10477000F0B58FB007460D4614461E4601970295C8
:10478000069604F0030010B90020079013E004F02F
:104790000300012802D1000207900CE004F003009E
:1047A000022802D10002079005E004F0030003286C
:1047B00001D100020790C4F3810010B900200890D5
:1047C00013E0C4F38100012802D1800208900CE0BC
:1047D000C4F38100022802D18002089005E0C4F3EE
:1047E0008100032801D180020890C4F3011010B9A0
:1047F0000020049013E0C4F30110012802D100034B
:1048000004900CE0C4F30110022802D100030490CC
:1048100005E0C4F30110032801D100030490A009AE
:1048200010B900200A9013E00120B0EB941F02D1D0
:1048300000060A900CE00220B0EB941F02D10006A3
:104840000A9005E00320B0EB941F01D100060A9006
:1048500000200E9009900C900D9041F2883201A931
:104860000248FCF741FD0FB0F0BD00002C0300240E
:1048700070B504460D46681E06490968086141F294
:10488000883221460348FCF74EFE08B9002070BD6F
:104890000120FCE72C03002410B5034600240BE0A4
:1048A00009488068184008B1012000E00020044653
:1048B0008C4200D102E0521E002AF1D100BF0AB1A1
:1048C000002010BD0120FCE70050005210B500BFD1
:1048D0004C48006800F4003000B139E000BF00BF70
:1048E00000BFBFF34F8F00BF00BF00BF00BF00BFBE
:1048F00000BFBFF36F8F00BF00BF00BF0020424961
:10490000086000BF00BF00BFBFF34F8F00BF00BFF4
:1049100000BF00BF00BF00BFBFF36F8F00BF00BF6D
:1049200000BF3848006840F400303649086000BFD6
:1049300000BF00BFBFF34F8F00BF00BF00BF00BF6D
:1049400000BF00BFBFF36F8F00BF00BF00BF00BF3D
:1049500000BF2C4B1B6803F4803303B148E00023F5
:10496000284C7034236000BF00BF00BFBFF34F8FDF
:1049700000BF00BF00BF231F1868C0F34E3100BF47
:10498000C0F3C90200BF43F6E07303EA41134FF0DE
:10499000404404EA827423431B4C1034236000BF5C
:1049A00000BF131EA2F10102EDD10B1EA1F1010106
:1049B000E6D100BF00BF00BFBFF34F8F00BF00BFF5
:1049C00000BF104B1B6843F480330E4C236000BFC4
:1049D00000BF00BFBFF34F8F00BF00BF00BF00BFCD
:1049E00000BF00BFBFF36F8F00BF00BF00BF00BF9D
:1049F00005484C30006840F0040003494C31086021
:104A000010BD000014ED00E050EF00E072B67047FA
:104A100062B6704730B587B00546002400BF6A48CB
:104A2000006840F00200684908600846006800F02D
:104A30000200019000BF00BF00BF0846006840F0C0
:104A4000080008600846006800F00800019000BFF8
:104A500000BF00BF0846006840F01000086008462C
:104A6000006800F01000019000BF00BF00BF564872
:104A70000C38006840F4804053490C3908600846FF
:104A8000006800F48040019000BF00BF4020029009
:104A90000220039003200590012004900A20069034
:104AA00002A94A48FCF7C2F90420029009200690A6
:104AB00002A94648FCF7BAF94FF460500290092069
:104AC000069002A94248FCF7B1F90420029009209F
:104AD000069002A93F48FCF7A9F93B4864380068F2
:104AE00040F480403849643908600846006820F482
:104AF0008040086000BF3848806800F0200000282F
:104B0000F9D136483449086035484860084600689D
:104B100040F00100086000BF2F48806800F02000CE
:104B20000028F9D14FF483702B49486100BF2A480F
:104B3000806800F002000028F9D02748C06840F0E3
:104B400002002549C86000BF2348806800F02000AB
:104B50000028F9D12049C861EB2444F4807444F45E
:104B60004064A81C44EA003444F4404400BF44F4C8
:104B7000801444F0407444F040640846446119488D
:104B8000006820F4803017490860164870300068CB
:104B900020F001001349703108600020091D0860F1
:104BA0004FF01040091D08600F48091D08600520DE
:104BB0000C49703108600B48006840F480300949A6
:104BC000086007B030BD0000E044025800040258FD
:104BD000000C02580010025800500052100300014F
:104BE0000102180024ED00E02D0003032DE9F0413F
:104BF000CEB080460D4616461F4600245248006837
:104C000020F004005049086000BF002001904F4888
:104C1000006820F001004D4908600846006800F077
:104C20000100019048480C30006840F4404046497B
:104C30000C3108600846006800F44040019000BF55
:104C400000BF00BF40480C30006800F40050B0F5D1
:104C5000005FF7D121203A904FF480303B90002044
:104C60003D904190012040900220439002213AA8BB
:104C70008162CDF81881C562466387630021416473
:104C80000821016400218164FEF79EF804461CB1EE
:104C900001204EB0BDE8F0813F20329003203390D8
:104CA0000020349008203590402037900001389043
:104CB000402036903990042132A8FDF795FD044636
:104CC0000CB10120E5E722490020CDE902100820BF
:104CD00004904FF4DC71059102210691079108912F
:104CE000002109910A910B91022014902020159027
:104CF0000020209021904FF44010249002A8FCF74F
:104D0000BFFE04460CB10120C3E70020FFF782FE7E
:104D1000FCF7E0FA0F48006840F080000D49086099
:104D200000BF0C48F430006840F002000949F4313B
:104D300008600846006800F00200019000BF00BF54
:104D4000FCF76AF80020A4E70C4802582C0400582D
:104D5000030004030044025810B5044609480A49F8
:104D600008600846446000218160C1600161816182
:104D70000C214161FBF70EFC012204490248FBF7BC
:104D8000D7FB10BD001001403C020024120000249B
:104D90004FF04070E1EE100A70474D3130305A4DFF
:104DA000372053544D333248372051535049205403
:104DB00045535400000000000102030401020304F3
:104DC00006070809E44D00080000002474010000F3
:104DD000D4020008584E000874010024B41A0000E0
:104DE00030030008113C90D00304F132103301016C
:104DF00022F823FFFF1417EF0213A8B11B90BC0485
:104E00001AC4041AB0041ACC041AAC041AB4041359
:104E10004558149044B21490116A1B901808135509
:104E20003D1B0898081A89081AB408131D431B086B
:104E3000D02813AD411B08F4081AC3081A681822B9
:104E4000481424F15F1B904D401AFD041331601B80
:084E500090077B01DC0000006B
:0200000490006A
:10000000642900F07F80752900F07C80782900F059
:10001000B580632900F02382732900F02882002034
:10002000704700000FB4044910B503AA029800F00D
:1000300023FA10BC5DF814FB0C0000240FB41CB5AF
:10004000074B06AA7B4469460090059800F0E5F945
:100050000020694600F0F4F91CBC5DF814FB0000B8
:10006000F903000070B5044685690068C10601D532
:10007000302600E02026C00707D070BDD4E901215A
:1000800030469047206A401C20626D1EF6D570BD38
:1000900070B5044685690078C00707D170BDD4E902
:1000A000012120209047206A401C20626D1EF6D559
:1000B00070BD70B50C460546012A05D0287880062B
:1000C00000D5EA69002302E0012305E05B1C9342AE
:1000D00002D2E05C0028F9D1A869E618C01AA8612C
:1000E000286A184428622846FFF7BCFF04E0D5E9D7
:1000F000012114F8010B9047B442F8D32846FFF7CA
:10010000C7FF70BD2DE9F04106460024106875292F
:10011000314616A510D0AFF30080002802DA404225
:1001200013A507E031688A0701D512A502E0490747
:1001300004D511A5012401E0AFF3008000210A22BB
:1001400006F1240709E0B0FBF2FCB0FBF2F302FB7E
:100150001C00303078541846491C0028F3D123463F
:100160002A463046BDE8F04100F0F8B80000000033
:100170002D0000002B0000002000000070B5044698
:100180000D4621461068AFF300802188090502D58D
:100190000F4A7A4402E00E4A7A440E32002104F1FA
:1001A000240305E000F00F060009965D5E54491C2B
:1001B0000028F7D120780023000704D5702D02D045
:1001C00009B1022311322046BDE8704000F0C6B8E4
:1001D000D6AF00002DE9F05F894604464FF0000AD3
:1001E000DFF874B1FB44C0F820A02046E1688847DE
:1001F000002874D0252806D0D4E901219047206A30
:10020000401C2062F1E700265F462046E1688847EF
:100210002028054607DB312D05D2781910F8200C6F
:1002200008B10643F1E7B00701D526F00406C4F88B
:100230001CA00027C4F818A02A2D09D0284601F0D8
:10024000FCFE38B304EB8708303DC8F8185019E0BD
:1002500059F8041B204604EB87029161E168884746
:10026000012F054618D1E069002820DA26F0200683
:100270001DE0D8F8180000EB800005EB4000303896
:10028000C8F818002046E1688847054601F0D5FE09
:100290000028EED1012F0AD02E2D08D12046E1688A
:1002A00088477F1C0546022F46F02006C4DBA06964
:1002B000002803DA404246F00106A061F00701D0B1
:1002C00026F010066C2D0BD0682D09D04C2D39D09E
:1002D0006A2D35D0742D35D07A2D33D016E038E024
:1002E000E1682F4620468847B842054609D16C2F61
:1002F00026D04FF48060E1680643204688470546D3
:1003000004E06C2F1AD04FF4807006430DB3A5F1B2
:100310004100192802D8203546F400664A4629468D
:10032000204626604E46FFF76BFE80B101280BD0B9
:10033000F61D26F0070000F1080956E74020E4E723
:100340008020D8E70020D6E706F104094DE72846CB
:1003500052E7206ABDE8F09FACAF00002DE9F047FE
:100360000D4699469246044600F124080168880625
:1003700004D5E06921F01001216000E00120A842CD
:1003800001DD471B00E00027A1697A1902EB090093
:10039000081AA0612078C00602D42046FFF762FE4A
:1003A000002608E0D4E901211AF806009047206AE7
:1003B000401C761C20624E45F4DB2078C0060AD52E
:1003C0002046FFF74FFE06E0D4E901213020904798
:1003D000206A401C2062381EA7F10107F4DC07E008
:1003E000D4E9012118F805009047206A401C2062DA
:1003F000281EA5F10105F3DC2046FFF749FE207811
:10040000000602D50220BDE8F0870120FBE70000CE
:1004100001694A1C02610878704700B58FB0CDE9C8
:1004200001310021059105497944CDE903101146B8
:100430006846FFF7CFFE0FB000BD0000E5FFFFFFED
:100440000A6802F8010B0A60704710B5436913B1DE
:10045000AFF3008001E0FFF72CFE012010BD127801
:1004600000F124010A7000224A700122EDE71168B0
:100470004FF0FF32E9E70000074B70B50D467B44B3
:10048000FFF7CBFF0446284600F008F810B14FF004
:10049000FF3070BD204670BD53390078007B00F0FE
:1004A0008000704740F62D6CC0F6000C604740F6A7
:1004B000812CC0F6000C604740F2A55CC0F6000C31
:1004C000604743F2856CC0F6000C604741F24D0C6A
:1004D000C0F6000C604743F6555CC0F6000C604760
:1004E00041F2650CC0F6000C604743F2457CC0F653
:1004F000000C604741F2FD5CC0F6000C604741F221
:10050000216CC0F6000C604741F6510CC0F6000C9F
:10051000604740F2D73CC0F6000C604742F6553CBD
:10052000C0F6000C604742F6793CC0F6000C60470C
:1005300041F2290CC0F6000C604743F6895CC0F616
:10054000000C604741F29D1CC0F6000C604741F270
:10055000411CC0F6000C604741F2C91CC0F6000CFB
:10056000604741F2332CC0F6000C604741F20B2C7F
:10057000C0F6000C6047000070B50446B3F5804F2C
:1005800013D1D1E9000540EA05108D6840EA052045
:100590008D6928438D8940EA054054F82250064E63
:1005A0003540284344F8220003E06FF0704044F8DF
:1005B0002200002070BD00000000F0CF70B50246A0
:1005C000086852F8200020F001000E6842F826006A
:1005D0008868082801D1402500E0002548682843A4
:1005E0008E683043CE6830430E6930434E693043E5
:1005F0008E693043CE6930430E6A30434E6A3043D1
:100600008E6A3043CE6A40EA0603086B0343486BA8
:100610000343886B0343114C44F4801444F40014E6
:1006200044F4E024086852F82000A04318430E6800
:1006300042F82600086BB0F5801F07D1086828B182
:10064000106820F480100E6B30431060086818B1F9
:1006500010684E6B30431060002070BD7FFB0800B7
:1006600030B50346D1E9000540EA05108D6840EA3F
:1006700005208D8940EA0545088A401E45EA005557
:10068000087D801E45EA00608D692843551C53F89B
:10069000255005F040452843551C43F825001868AF
:1006A00000F48010B0F5801F0BD1586820F470045E
:1006B000088A401E44EA0054586820F47000204321
:1006C0005860002030BD000070B504460E46154647
:1006D0000CB9012070BD94F8450028B9002084F8B9
:1006E0004400204600F028F804F108012068FFF7D4
:1006F00065FF3146A2682068FFF7B2FF2946E36A2A
:10070000D4E90102FFF738FFA168206850F8210002
:1007100040F00100A268216841F822000548006805
:1007200040F0004003490860012084F845000020A3
:10073000D0E700000040005210B586B0044600BF6C
:100740002048006840F480501E4908600846006850
:1007500000F48050009000BF00BF00BF19480C306B
:10076000006840F0080017490C310860084600682E
:1007700000F00800009000BF00BF00BF08460068FE
:1007800040F0100008600846006800F0100000907B
:1007900000BF00BF4CF203700190022002900120C4
:1007A0000390032004900C20059001A90648FFF750
:1007B00079FE4FF68070019001A90448FFF772FEA0
:1007C00006B010BDD4440258000C02580010025864
:1007D00010B504460CB9012010BD94F83D0028B9AD
:1007E000002084F83C00204600F029F8022084F81C
:1007F0003D00211D206800F0ABFB012084F848007B
:1008000000BF84F83E0001213F20015540200155E2
:1008100041200155422001554320015500BF00BF32
:10082000012084F844004520015546200155472009
:10083000015500BF012084F83D000020CCE770473F
:10084000014691F83D00012801D0012070470220A7
:1008500081F83D000868C06840F001000B68D8606E
:100860001C4B086898421BD00868B0F1804F17D025
:10087000194B0868984213D0184B086898420FD05B
:10088000174B086898420BD0164B0868984207D05F
:10089000154B0868984203D0144B0868984210D151
:1008A00008688068124B00EA0302062A0FD0B2F5EE
:1008B000803F0CD00868006840F001000B681860A9
:1008C00005E00868006840F001000B68186000202F
:1008D000BCE70000000001400004004000080040A8
:1008E000000C00400004014000180040004001409E
:1008F000070001007047704770477047704700005D
:100900002DE9F04704462068C5692068066820681C
:10091000876840F60F0005EA0009B9F1000F0FD112
:1009200005F0200060B106F0200010B907F08050FB
:1009300030B1606F10B12046616F8847BDE8F08725
:10094000B9F1000F7ED0FE48384018B9FD4830405C
:100950000028F7D005F0010058B106F4807040B1CE
:10096000012021680862D4F8900040F00100C4F82A
:10097000900005F0020058B107F0010040B10220DC
:1009800021680862D4F8900040F00400C4F8900098
:1009900005F0040058B107F0010040B104202168BF
:1009A0000862D4F8900040F00200C4F8900005F00E
:1009B000080070B106F0200010B9E148384040B19D
:1009C000082021680862D4F8900040F00800C4F8BC
:1009D000900005F4006060B106F0806048B14FF40B
:1009E000006021680862D4F8900040F02000C4F84C
:1009F0009000D4F89000002852D005F0200050B1AB
:100A000006F0200010B907F0805020B1606F10B1DF
:100A10002046616F8847D4F890A02068806800F075
:100A20004000402802D00AF0280070B3204600F0B1
:100A3000F3FB2068806800F04000402826D100BF0A
:100A400000BF00E02DE02168083151E8001F21F0CF
:100A500040002168083141E80002002AF1D100BFBE
:100A6000D4F8800068B1B848D4F880100865D4F88C
:100A70008000FFF71CFD98B1D4F88000016D884715
:100A80000EE02046FFF73AFF0AE003E02046FFF7BA
:100A900035FF05E02046FFF731FF0020C4F8900045
:100AA0004CE7E06E01287DD105F01000002879D0D8
:100AB00006F010000028FAD0102021680862206893
:100AC000806800F0400040286DD1D4F880000068B4
:100AD0009E4988426BD0D4F8800000689B49183149
:100AE000884264D0D4F88000006898493031884248
:100AF0005DD0D4F88000006894494831884256D0CF
:100B0000D4F8800000689149603188424FD0D4F811
:100B1000800000688D497831884248D0D4F8800040
:100B200000688A499031884241D0D4F8800000683A
:100B30008649A83188423AD0D4F8800000688449B8
:100B4000884234D0D4F88000006881491831884246
:100B50002DD0D4F8800000687D493031884226D0FD
:100B6000D4F8800000687A49483188421FD0D4F810
:100B70008000006876496031884218D0D4F880003F
:100B8000006873497831884211D0D4F88000006839
:100B90006F49903188420AD0D4F8800000686C49CF
:100BA000A83102E0AEE069E001E0884204D1D4F867
:100BB00080000068406803E0D4F880000068406866
:100BC0001FFA80F8B8F1000F57D0B4F85C00404528
:100BD00053DDA4F85E80D4F88000C069B0F5807F52
:100BE00040D000BF00BF216851E8001F21F4807091
:100BF000226842E800010029F5D100BF00BF00BF14
:100C00002168083151E8001F21F0010021680831F6
:100C100041E80002002AF3D100BF00BF00BF2168F5
:100C2000083151E8001F21F040002168083141E8F7
:100C30000002002AF3D100BF2020C4F88C0000205D
:100C4000E06600BF00BF216851E8001F21F01000DE
:100C5000226842E800010029F5D100BFD4F88000E5
:100C6000FFF72AFC02202067B4F85C00B4F85E208D
:100C7000801A81B22046FFF73DFE5FE634F85C0F34
:100C80006188401A1FFA80F860885C3CC8B3B8F1EC
:100C9000000F36D000BF00BF216851E8001F21F4CB
:100CA0009070226842E800010029F5D100BF00BF22
:100CB00000BF2168083151E8001F214AD24301EAF0
:100CC00002002168083141E80002002AF1D100BF8A
:100CD0002020C4F88C000020E066606700BF00BFE1
:100CE000216851E8001F21F01000226842E800014D
:100CF0000029F5D100BF0220206741462046FFF7BA
:100D0000F9FD1BE605F4801050B107F4800038B1FE
:100D10004FF48010216808622046FFF7EEFD0DE6D3
:100D200005F08000B0B106F0800010B907F40000B3
:100D300080B1A06F10B12046A16F8847FEE500008A
:100D40000100001020010004FF110090100002407B
:100D50001004024005F0400030B106F0400018B128
:100D6000204600F08FFAE9E505F4000030B106F006
:100D7000804018B12046FFF7BFFDDFE505F0807029
:100D800030B106F0004018B12046FFF7B4FDD5E5BC
:100D900000BFD3E510B504460CB9012010BDA06911
:100DA00000B100E000BFD4F8880028B9002084F822
:100DB00084002046FFF785FB2420C4F888002068C3
:100DC000006820F0010021680860204600F070FDF6
:100DD000012800D1E2E7A06A10B1204600F01EF918
:100DE0002068406820F4904021684860206880684E
:100DF00020F02A00216888602068006840F0010027
:100E000021680860204600F085F9C7E770B5044600
:100E10000D461646D4F88C00202821D105B10EB914
:100E2000012070BD0020E0660E492068884211D084
:100E30002068406800F4000060B100BF00BF216876
:100E400051E8001F41F08060226842E8000100295B
:100E5000F5D100BF32462946204600F0EFFFE0E71B
:100E60000220DEE7000C00587047000000BF00229F
:100E700040211848FFF72AFB00BF17A0FFF7D2F860
:100E80004FF47A70FFF727FB19A0FFF7CBF84FF468
:100E90007A70FFF720FB00BF00BF00BF00BF00BF9C
:100EA000BFF34F8F00BF00BF00BF1648006800F4BB
:100EB000E06015490843001D1249086000BF00BFEB
:100EC00000BFBFF34F8F00BF00BF00BF00BF00BF18
:100ED000FDE70000001002584D656D204163636519
:100EE0007373204572726F7221210D0A0000000099
:100EF000536F6674205265736574696E672E2E2E6B
:100F00000D0A00000CED00E00000FA0510B50E48D7
:100F10000068C06800F0010078B10C49086980479A
:100F2000002009490968486200BF64200649096831
:100F3000C86264210448C16000BF6FF0010002492B
:100F40000968086110BD00007813002480000024A7
:100F500010B50268294B98420ED0B0F1804F0BD0EB
:100F6000274B984208D0274B984205D0264B9842F1
:100F700002D0264B984203D122F070024B681A43EC
:100F80001E4B984217D0B0F1804F14D01C4B9842A2
:100F900011D01C4B98420ED01B4B98420BD01B4BD0
:100FA000984208D01A4B984205D01A4B984202D06A
:100FB000194B984203D122F44072CB681A4322F0B5
:100FC00080034C6943EA040202608B68C3620B68C9
:100FD00083620A4B98420BD00C4B984208D00C4BC2
:100FE000984205D00B4B984202D00B4B984201D14E
:100FF0000B6903630123436110BD00000000014041
:101000000004004000080040000C004000040140C3
:1010100000400140004401400048014090F8281081
:1010200001F0010139B10168496821F40031C26A57
:1010300011430268516090F8281001F00201022962
:1010400007D10168496821F48031026B11430268BD
:10105000516090F8281001F00401042907D10168BB
:10106000496821F48021426B11430268516090F875
:10107000281001F00801082907D10168496821F406
:101080000041826B11430268516090F8281001F012
:101090001001102907D10168896821F48051C26BC1
:1010A00011430268916090F8281001F02001202976
:1010B00007D10168896821F40051026C114302686C
:1010C000916090F8281001F04001402913D1016887
:1010D000496821F48011426C114302685160416CEF
:1010E000B1F5801F07D10168496821F4C001826C05
:1010F00011430268516090F8281001F080018029A6
:1011000007D10168496821F40021C26C11430268CB
:101110005160704738B504460020C4F89000FFF7CE
:10112000DFF905462068006800F00800082821D192
:101130006FF07E402B4600224FF4001100902046B5
:1011400000F02AFFB0B100BF00BF216851E8001FC6
:1011500021F08000226842E800010029F5D100BF9B
:101160002020C4F8880000BF002084F8840000BF5D
:10117000032038BD2068006800F00400042830D146
:101180006FF07E402B4600224FF4800100902046F5
:1011900000F002FF28B300BF00BF216851E8001F24
:1011A00021F49070226842E800010029F5D100BFC7
:1011B00000BF00BF2168083151E8001F21F0010085
:1011C0002168083141E80002002AF3D100BF202045
:1011D000C4F88C0000BF002084F8840000BF032006
:1011E000C7E72020C4F88800C4F88C000020E0661F
:1011F000206700BF84F8840000BF00BFB9E770B566
:101200000546AC6B0020A4F85E00A4F8560020460A
:10121000FFF774FB70BD000000BF00BF026852E81A
:10122000002F22F49071036843E80012002AF5D1E0
:1012300000BF00BF00BF0268083252E8002F104B09
:1012400002EA03010268083242E80013002BF2D1DF
:1012500000BFC16E01290CD100BF00BF026852E877
:10126000002F22F01001036843E80012002AF5D194
:1012700000BF2021C0F88C100021C1664167704773
:10128000FEFFFFEF10B5044600BF00BF216851E824
:10129000001F21F04000226842E800010029F5D13A
:1012A00000BF2020C4F888000020A0672046FFF778
:1012B000DBFD10BD2DE9F0410446B4F86070D4F8B0
:1012C0008C0022286ED12068406A86B2A56D06EA9D
:1012D00007002880A06D801CA065B4F85E00401E49
:1012E000A4F85E00B4F85E00002861D100BF00BF22
:1012F000216851E8001F21F49070226842E8000143
:101300000029F5D100BF00BF00BF2168083151E8B6
:10131000001F21F001002168083141E80002002A85
:10132000F3D100BF2020C4F88C0000206067206744
:1013300020492068884211D02068406800F40000ED
:1013400060B100BF00BF216851E8001F21F080603C
:10135000226842E800010029F5D100BFE06E0128B3
:101360001CD10020E06600BF00BF216851E8001FCB
:1013700021F01000226842E800010029F5D100BFE9
:101380002068C069C0F3001010B110202168086205
:10139000B4F85C102046FFF7ADFA09E02046FFF7ED
:1013A000A4F805E02068806940F0080021688861A1
:1013B000BDE8F081000C00582DE9F84F0446B4F860
:1013C00060B02068C5692068006800902068D0F887
:1013D00008A0D4F88C0022287ED1B4F86890ADE043
:1013E0002068406A1FFA80F8A76D08EA0B00388071
:1013F000A06D801CA065B4F85E00401EA4F85E00DD
:101400002068C56905F00700B0B305F0010060B1C0
:10141000009800F4807040B1012021680862D4F87F
:10142000900040F00100C4F8900005F0020058B1AF
:101430000AF0010040B1022021680862D4F890004F
:1014400040F00400C4F8900005F0040058B10AF020
:10145000010040B1042021680862D4F8900040F0F7
:101460000200C4F89000D4F8900028B12046FFF79D
:1014700045FA0020C4F89000B4F85E0000285DD161
:1014800000BF00BF216851E8001F21F4807022686E
:1014900042E800010029F5D100BF00BF00BF21686C
:1014A000083151E8001F404A01EA02002168083172
:1014B00041E80002002AF2D100BF2020C4F88C00CD
:1014C00000206067206739492068884213D020686F
:1014D000406800F4000000E05DE060B100BF00BFC4
:1014E000216851E8001F21F08060226842E8000175
:1014F0000029F5D100BFE06E01281CD10020E06674
:1015000000BF00BF216851E8001F21F010002268D1
:1015100042E800010029F5D100BF2068C069C0F38E
:10152000001010B1102021680862B4F85C10204649
:10153000FFF7E0F902E02046FEF7D7FFB9F1000F10
:1015400004D005F0200000287FF44AAFB4F85E60B4
:1015500006B3B4F86800B04223DD00BF00BF2168C5
:10156000083151E8001F21F080502168083141E81E
:101570000002002AF3D100BF0D48606700BF00BF22
:10158000216851E8001F41F02000226842E8000174
:101590000029F5D105E02068806940F00800216845
:1015A0008861BDE8F88F0000FEFFFFEF000C0058D7
:1015B000B512009070B50446B4F86060D4F88C00A1
:1015C00022286FD12068406A85B2F0B22840A16D10
:1015D0000870A06D401CA065B4F85E00401EA4F821
:1015E0005E00B4F85E00002862D100BF00BF216831
:1015F00051E8001F21F49070226842E800010029A0
:10160000F5D100BF00BF00BF2168083151E8001FBD
:1016100021F001002168083141E80002002AF3D1DD
:1016200000BF2020C4F88C0000206067206721499B
:101630002068884211D02068406800F4000060B142
:1016400000BF00BF216851E8001F21F080602268C0
:1016500042E800010029F5D100BFE06E01281CD14D
:101660000020E06600BF00BF216851E8001F21F0A4
:101670001000226842E800010029F5D100BF20686F
:10168000C069C0F3001010B1102021680862B4F8DE
:101690005C102046FFF72EF90AE02046FEF725FFF2
:1016A00006E0FFE72068806940F008002168886153
:1016B00070BD0000000C00582DE9F05F0446B4F83E
:1016C00060A02068C5692068D0F800B02068D0F814
:1016D0000890D4F88C0022287ED1B4F86880ACE061
:1016E0002068406A87B20AF0FF003840A16D087098
:1016F000A06D401CA065B4F85E00401EA4F85E001A
:101700002068C56905F00700A8B305F0010058B1CD
:101710000BF4807040B1012021680862D4F8900079
:1017200040F00100C4F8900005F0020058B109F043
:10173000010040B1022021680862D4F8900040F016
:101740000400C4F8900005F0040058B109F001004D
:1017500040B1042021680862D4F8900040F00200F3
:10176000C4F89000D4F8900028B12046FFF7C6F8DE
:101770000020C4F89000B4F85E0000285DD100BFDE
:1017800000BF216851E8001F21F48070226842E800
:1017900000010029F5D100BF00BF00BF216808315A
:1017A00051E8001F3F4A01EA02002168083141E880
:1017B0000002002AF2D100BF2020C4F88C000020D3
:1017C0006067206738492068884213D020684068E5
:1017D00000F4000070B100E05CE000BF00BF2168D1
:1017E00051E8001F21F08060226842E800010029D2
:1017F000F5D100BFE06E01281CD10020E06600BFDB
:1018000000BF216851E8001F21F01000226842E863
:1018100000010029F5D100BF2068C069C0F30010A5
:1018200010B1102021680862B4F85C102046FFF760
:1018300061F802E02046FEF758FEB8F1000F04D030
:1018400005F0200000287FF44BAFB4F85E6006B3CB
:10185000B4F86800B04223DD00BF00BF2168083142
:1018600051E8001F21F080502168083141E8000252
:10187000002AF3D100BF0D48606700BF00BF216898
:1018800051E8001F41F02000226842E800010029D1
:10189000F5D105E02068806940F008002168886182
:1018A000BDE8F09FFEFFFFEF000C0058B51500905B
:1018B0002DE9F04F89B0054600200890F8492868C6
:1018C000884200D100E000BF2969A868084369691F
:1018D0000843E96940EA010828680068F1490840BE
:1018E00040EA0800296808602868406820F44050F1
:1018F000E968084329684860D5F81880E8492868ED
:10190000884202D0286A40EA080828688068E649C8
:10191000084040EA0800296888602868C06A20F00A
:101920000F00696A08432968C86200BFDF49286858
:10193000884220D1DE48006800F03800182811D015
:1019400005DC48B1082809D0102811D108E020286A
:101950000AD028280CD109E001240BE0042409E076
:10196000082407E0102405E0202403E0402401E0DF
:10197000802400BFF8E0CF492868884219D1CC48BC
:10198000006800F00700062810D2DFE800F0030529
:1019900007090B0D00240BE0042409E0082407E0EC
:1019A000102405E0202403E0402401E0802400BF4F
:1019B000DAE0C1492868884219D1BD48006800F0C2
:1019C0000700062810D2DFE800F0030507090B0D19
:1019D00000240BE0042409E0082407E0102405E0BB
:1019E000202403E0402401E0802400BFBCE0B34990
:1019F0002868884219D1AE48006800F00700062820
:101A000010D2DFE800F0030507090B0D00240BE0FE
:101A1000042409E0082407E0102405E0202403E062
:101A2000402401E0802400BF9EE0A5492868884248
:101A300019D19F48006800F00700062810D2DFE89F
:101A400000F0030507090B0D00240BE0042409E056
:101A5000082407E0102405E0202403E0402401E0EE
:101A6000802400BF80E097492868884220D19048B0
:101A7000006800F03800182811D005DC48B10828AB
:101A800009D0102811D108E020280AD028280CD12C
:101A900009E001240BE0042409E0082407E01024F5
:101AA00005E0202403E0402401E0802400BF5BE047
:101AB00085492868884219D17D48006800F00700F0
:101AC000062810D2DFE800F0030507090B0D0024FB
:101AD0000BE0042409E0082407E0102405E020249A
:101AE00003E0402401E0802400BF3DE077492868FE
:101AF000884219D16E48006800F00700062810D20D
:101B0000DFE800F0030507090B0D00240BE00424B7
:101B100009E0082407E0102405E0202403E0402425
:101B200001E0802400BF1FE05D49286888421AD187
:101B30005F48001D006800F00700062810D2DFE8AB
:101B400000F0030507090B0D02240BE0042409E053
:101B5000082407E0102405E0202403E0402401E0ED
:101B6000802400BF00E0802400BF4D4928688842DF
:101B70007DD1102C1AD006DC022C09D0042C0BD0FD
:101B8000082C29D10DE0202C21D0402C24D120E09C
:101B9000FEF7B0FC064623E005A8FEF7B0FC069E63
:101BA0001EE002A8FEF7B0FC039E19E0404854383E
:101BB0000068C0F3401040B13D4854380068C0F39D
:101BC000C101434820FA01F600E0414E08E0414ED1
:101BD00006E04FF4004603E000260120089000BF15
:101BE00000BF002E10D03C49686A31F81000B6FBE7
:101BF000F0F9686800EB4000484503D868680003C6
:101C0000484502D20120089003E13349686A31F85F
:101C100010C06246002330461946FEF77AFC4FF4A6
:101C2000807300228446ACFB030B01FB03B10CFB69
:101C3000021C69684908034659184CEB0200CDE9BB
:101C40000010D5F804C06246002308460199FEF74B
:101C500060FC0746B7F5407F06D3B7F5801F03D277
:101C60002868C760D5E002E001200890D1E0E8696B
:101C7000B0F5004F7BD1082C39D005DC5CB1012CCC
:101C80002CD0042C4CD12DE0102C35D0202C42D05F
:101C9000402C45D141E0FEF741FC064644E00000FF
:101CA000000C0058F369FFCFFFF4FF110010014052
:101CB000544402580044004000480040004C00409A
:101CC000005000400014014000780040007C0040BB
:101CD0000090D00300093D00146A0090FEF723FC39
:101CE000064621E005A8FEF70AFC069E1CE002A8B5
:101CF000FEF70AFC039E17E04C480068C0F3401052
:101D000038B14A480068C0F3C101494820FA01F6D9
:101D100000E0474E08E0474E06E04FF4004603E07F
:101D200000260120089000BF00BFFEB14249686A4A
:101D300031F81000B6FBF0F04000696800EB51008C
:101D4000B0FBF1F7102F0FD3B7F5803F0CD24FF651
:101D5000F07007EA000AC7F342004AEA000A28685E
:101D6000C0F80CA055E002E00120089051E0082CDA
:101D70001AD005DC5CB1012C0DD0042C2DD10EE065
:101D8000102C16D0202C23D0402C26D122E0FEF798
:101D9000C5FB064625E0FEF7C6FB064621E005A882
:101DA000FEF7ADFB069E1CE002A8FEF7ADFB039E0E
:101DB00017E01E480068C0F3401038B11B480068A7
:101DC000C0F3C1011A4820FA01F600E0184E08E0FD
:101DD000184E06E04FF4004603E00026012008906C
:101DE00000BF00BFAEB11449686A31F81000B6FBFD
:101DF000F0F0696800EB5100B0FBF1F7102F06D34B
:101E0000B7F5803F03D2B8B22968C86001E001206D
:101E100008900120A5F86A00A5F86800002068670E
:101E2000A867089809B0BDE8F08F00000044025888
:101E30000090D00300093D00146A009030B50346BD
:101E40009965A3F85C20A3F85E200020586700BFC6
:101E50009868B0F5805F0AD1186920B940F2FF1088
:101E6000A3F8600020E0FF20A3F860001CE0986861
:101E700048B9186918B9FF20A3F8600014E07F2062
:101E8000A3F8600010E09868B0F1805F09D118698C
:101E900018B97F20A3F8600006E03F20A3F8600097
:101EA00002E00020A3F8600000BF0020C3F890000B
:101EB0002220C3F88C0000BF00BF1C68083454E81F
:101EC000004F44F001001C68083444E80005002D70
:101ED000F3D100BF586EB0F1005F2CD1B3F86800A9
:101EE000904228DC9868B0F5805F04D1186910B979
:101EF0002548586701E025485867186960B100BF58
:101F000000BF1C6854E8004F44F480701D6845E829
:101F10000004002CF5D100BF00BF00BF1C680834CE
:101F200054E8004F44F080501C68083444E8000531
:101F3000002DF3D126E09868B0F5805F04D11869D0
:101F400010B91348586701E012485867186960B122
:101F500000BF00BF1C6854E8004F44F490701D6837
:101F600045E80004002CF5D10CE000BF00BF1C6860
:101F700054E8004F44F020001D6845E80004002CA0
:101F8000F5D100BF002030BDB9130090B916009004
:101F9000B5120090B51500902DE9F04104460D46AC
:101FA00017469846069E3CE0701CC8B3FEF798FAA8
:101FB000A0EB0800B04200D816B90320BDE8F081BC
:101FC0002068006800F0040050B32068C069C0F3C6
:101FD000C00078B10820216808622046FFF71CF98C
:101FE0000820C4F8900000BF002084F8840000BFDF
:101FF0000120E3E72068C069C0F3C02080B14FF43E
:102000000060216808622046FFF706F92020C4F826
:10201000900000BF002084F8840000BF0320CDE7BB
:10202000FFE72068C0692840A84201D1012000E0F4
:102030000020B842B8D00020C0E730380A2801D2CA
:10204000012070470020704700B587B000BF00BF77
:102050001B48006840F00100194908600846006804
:1020600000F00100019000BF00BF00BF00BF00BF33
:102070000846006840F0010008600846006800F06B
:102080000100019000BF00BF00BF4FF4004002906C
:1020900000200390022004900320059002A9094823
:1020A000FEF700FA01200290002003900220049025
:1020B0000320059002A90348FEF7F4F907B000BD1C
:1020C000E04402580000025870B504460025012C77
:1020D00001D11C4908701B48007810B34FF400412F
:1020E0001948FEF725FA012805D001211648FEF708
:1020F0001FFA012815D10A20FEF7EDF90020114939
:1021000008704FF400411048FEF712FA012800D180
:10211000012501210C48FEF70BFA01280FD10225F9
:102120000DE04FF400410848FEF702FA38B90121EA
:102130000548FEF7FDF910B901200249087028464C
:1021400070BD00001D0000240000025870B5044658
:10215000002609480588408845430021084603F0C9
:10216000E1F803F085FA00BF02E004480480761C21
:10217000AE42FAD370BD00001C03002400001060C2
:1021800010B5044658488471002C58D1F0205649A7
:1021900008804FF4A07048800846808845F21051AE
:1021A000884210D14FF430504F4908814FF42850E5
:1021B00048814FF42C5088814FF4F07008804FF420
:1021C000487048801AE04848808841F66311884288
:1021D0000DD12C20444908812B2048812A20888158
:1021E0004FF4F07008804FF44870488006E02C20CF
:1021F0003D4908812A2048812B2088813A488088DF
:1022000045F21031884205D03748808847F29671F0
:10221000884206D14FF4A070334908804FF4F07023
:1022200048803148808849F60601884258D14FF4E9
:10223000F0702D4908804FF44870488050E04FF40A
:10224000A07029490880F02048800846808845F21F
:102250001051884210D14FF43050234908814FF477
:10226000285048814FF42C5088814FF448700880E2
:102270004FF4F070488020E01B48808841F66311DD
:10228000884205D01848808849F6060188420DD159
:102290002C20154908812A2048812B2088814FF461
:1022A000487008804FF4F070488006E02C200E49FA
:1022B00008812A2048812B2088810B48808845F29C
:1022C0001031884205D00848808847F296718842CC
:1022D00006D14FF4F070044908804FF4A070488094
:1022E000002002F001FF10BD1C03002470B505465C
:1022F0000E4614463146284603F014F803F0B8F9A8
:1023000001490C8070BD00000000106010B5CF20A6
:1023100003F0A2F9002003F093F9C12003F090F933
:10232000302003F08DF9ED2003F096F9642003F0DE
:1023300087F9032003F084F9122003F081F981204A
:1023400003F07EF9E82003F087F9852003F078F99F
:10235000102003F075F97A2003F072F9CB2003F016
:102360007BF9392003F06CF92C2003F069F9002087
:1023700003F066F9342003F063F9022003F060F9FA
:10238000F72003F069F9202003F05AF9EA2003F05E
:1023900063F9002003F054F9002003F051F9C02044
:1023A00003F05AF91B2003F04BF9C12003F054F954
:1023B000012003F045F9C52003F04EF9302003F069
:1023C0003FF9302003F03CF9C72003F045F9B7206E
:1023D00003F036F9362003F03FF9482003F030F9D6
:1023E0003A2003F039F9552003F02AF9B12003F01F
:1023F00033F9002003F024F91A2003F021F9B62064
:1024000003F02AF90A2003F01BF9A22003F018F9BF
:10241000F22003F021F9002003F012F9262003F046
:102420001BF9012003F00CF9E02003F015F90F204F
:1024300003F006F92A2003F003F9282003F000F93D
:10244000082003F0FDF80E2003F0FAF8082003F04E
:10245000F7F8542003F0F4F8A92003F0F1F8432032
:1024600003F0EEF80A2003F0EBF80F2003F0E8F891
:10247000002003F0E5F8002003F0E2F8002003F06C
:10248000DFF8002003F0DCF8E12003F0E5F800209D
:1024900003F0D6F8152003F0D3F8172003F0D0F896
:1024A000072003F0CDF8112003F0CAF8062003F04E
:1024B000C7F82B2003F0C4F8562003F0C1F83C20E5
:1024C00003F0BEF8052003F0BBF8102003F0B8F8C5
:1024D0000F2003F0B5F83F2003F0B2F83F2003F0DF
:1024E000AFF80F2003F0ACF82B2003F0B5F8002074
:1024F00003F0A6F8002003F0A3F8012003F0A0F8F1
:102500003F2003F09DF82A2003F0A6F8002003F0F6
:1025100097F8002003F094F8002003F091F8EF20E2
:1025200003F08EF8112003F097F87820FDF7D3FF21
:10253000292003F091F810BD10B5FF2003F08CF8AE
:10254000FF2003F07DF8982003F07AF8062003F0CE
:1025500077F8BC2003F080F8012003F071F80F2019
:1025600003F06EF8612003F06BF8FF2003F068F8C9
:10257000012003F065F8012003F062F80B2003F05E
:102580005FF8102003F05CF8372003F059F863205F
:1025900003F056F8FF2003F053F8FF2003F050F843
:1025A000012003F04DF8012003F04AF8002003F069
:1025B00047F8002003F044F8FF2003F041F85220D0
:1025C00003F03EF8012003F03BF8002003F038F858
:1025D000402003F035F8BD2003F03EF8012003F061
:1025E0002FF8232003F02CF8452003F029F867206A
:1025F00003F026F8012003F023F8232003F020F84D
:10260000452003F01DF8672003F01AF8BE2003F000
:1026100023F8002003F014F8012003F011F8AB2098
:1026200003F00EF8602003F00BF8222003F008F806
:10263000222003F005F8222003F002F8222002F005
:10264000FFFF222002F0FCFFC72003F005F8362030
:1026500002F0F6FFED2002F0FFFF7F2002F0F0FF16
:102660000F2002F0EDFFC02002F0F6FF0F2002F075
:10267000E7FF0B2002F0E4FF0A2002F0E1FFFC205C
:1026800002F0EAFF082002F0DBFFDF2002F0E4FFA7
:10269000002002F0D5FF002002F0D2FF002002F05F
:1026A000CFFF002002F0CCFF002002F0C9FF202065
:1026B00002F0C6FFF32002F0CFFF742002F0C0FF4B
:1026C000B42002F0C9FF002002F0BAFF002002F09F
:1026D000B7FF002002F0B4FFF72002F0BDFF822018
:1026E00002F0AEFFB12002F0B7FF002002F0A8FF19
:1026F000132002F0A5FF132002F0A2FFF22002F047
:10270000ABFF802002F09CFF042002F099FF4020E4
:1027100002F096FF282002F093FFC12002F09CFFF8
:10272000172002F08DFF882002F08AFF882002F037
:1027300087FF202002F084FFE02002F08DFF0020C0
:1027400002F07EFF0A2002F07BFF122002F078FFE9
:10275000102002F075FF0E2002F072FF202002F020
:102760006FFFCC2002F06CFF072002F069FF06200B
:1027700002F066FF0B2002F063FF0E2002F060FF04
:102780000F2002F05DFF0D2002F05AFF152002F02D
:1027900057FF102002F054FF002002F051FFE1200B
:1027A00002F05AFF002002F04BFF0B2002F048FF1E
:1027B000132002F045FF0D2002F042FF0E2002F030
:1027C0003FFF1B2002F03CFF712002F039FF062082
:1027D00002F036FF062002F033FF0A2002F030FF3D
:1027E0000F2002F02DFF0E2002F02AFF0F2002F032
:1027F00027FF152002F024FF0C2002F021FF00200B
:1028000002F01EFF2A2002F027FF002002F018FF2E
:10281000002002F015FF012002F012FFDF2002F07D
:102820000FFF2B2002F018FF002002F009FF00200C
:1028300002F006FF032002F003FF1F2002F000FF5A
:102840003A2002F009FF552002F0FAFE362002F08D
:1028500003FF002002F0F4FE112002F0FDFE7820BC
:10286000FDF739FE292002F0F7FE1420FDF733FEB4
:102870002C2002F0F1FE10BD10B5ED2002F0ECFEB0
:10288000012002F0DDFEFE2002F0DAFEEE2002F072
:10289000E3FEDE2002F0D4FE212002F0D1FEF12082
:1028A00002F0DAFE012002F0CBFEDF2002F0D4FEBF
:1028B000102002F0C5FEC42002F0CEFE8F2002F0F0
:1028C000BFFEC62002F0C8FE002002F0B9FEE220E2
:1028D00002F0B6FEE22002F0B3FEE22002F0B0FE0B
:1028E000BF2002F0B9FEAA2002F0AAFEB02002F03A
:1028F000B3FE0D2002F0A4FE002002F0A1FE0D2088
:1029000002F09EFE002002F09BFE112002F098FED5
:10291000002002F095FE192002F092FE002002F045
:102920008FFE212002F08CFE002002F089FE2D2077
:1029300002F086FE002002F083FE3D2002F080FEC1
:10294000002002F07DFE5D2002F07AFE002002F001
:1029500077FE5D2002F074FE002002F071FEB120CF
:1029600002F07AFE802002F06BFE002002F068FE8A
:102970008B2002F065FE002002F062FE962002F03D
:102980005FFE002002F05CFEB22002F065FE002037
:1029900002F056FE002002F053FE022002F050FE2C
:1029A000002002F04DFE032002F04AFE002002F05B
:1029B00047FEB32002F050FE002002F041FE00204E
:1029C00002F03EFE002002F03BFE002002F038FE46
:1029D000002002F035FE002002F032FE002002F05E
:1029E0002FFE002002F02CFE002002F029FE002025
:1029F00002F026FE002002F023FE002002F020FE5E
:102A0000002002F01DFE002002F01AFE002002F05D
:102A100017FE002002F014FE002002F011FE00203C
:102A200002F00EFE002002F00BFE002002F008FE75
:102A3000002002F005FE002002F002FE002002F05D
:102A4000FFFD002002F0FCFDB42002F005FE8B200B
:102A500002F0F6FD002002F0F3FD962002F0F0FDFA
:102A6000002002F0EDFDA12002F0EAFD002002F0BE
:102A7000E7FDB52002F0F0FD022002F0E1FD0020AC
:102A800002F0DEFD032002F0DBFD002002F0D8FDA5
:102A9000042002F0D5FD002002F0D2FDB62002F0A5
:102AA000DBFD002002F0CCFD002002F0C9FDB720C4
:102AB00002F0D2FD002002F0C3FD002002F0C0FDB4
:102AC0003F2002F0BDFD002002F0BAFD5E2002F0C2
:102AD000B7FD002002F0B4FD642002F0B1FD00203B
:102AE00002F0AEFD8C2002F0ABFD002002F0A8FD4C
:102AF000AC2002F0A5FD002002F0A2FDDC2002F0D7
:102B00009FFD002002F09CFD702002F099FD002046
:102B100002F096FD902002F093FD002002F090FD5F
:102B2000EB2002F08DFD002002F08AFDDC2002F097
:102B300087FD002002F084FDB82002F08DFD00200A
:102B400002F07EFD002002F07BFD002002F078FD07
:102B5000002002F075FD002002F072FD002002F05E
:102B60006FFD002002F06CFD002002F069FDBA202C
:102B700002F072FD242002F063FD002002F060FDEF
:102B8000002002F05DFD002002F05AFDC12002F09D
:102B900063FD202002F054FD002002F051FD54207E
:102BA00002F04EFD002002F04BFDFF2002F048FD38
:102BB000002002F045FDC22002F04EFD0A2002F086
:102BC0003FFD002002F03CFD042002F039FD002012
:102BD00002F036FDC32002F03FFD3C2002F030FD44
:102BE000002002F02DFD3A2002F02AFD002002F024
:102BF00027FD392002F024FD002002F021FD3720BE
:102C000002F01EFD002002F01BFD3C2002F018FD2A
:102C1000002002F015FD362002F012FD002002F027
:102C20000FFD322002F00CFD002002F009FD2F20E4
:102C300002F006FD002002F003FD2C2002F000FD52
:102C4000002002F0FDFC292002F0FAFC002002F036
:102C5000F7FC262002F0F4FC002002F0F1FC242016
:102C600002F0EEFC002002F0EBFC242002F0E8FC75
:102C7000002002F0E5FC232002F0E2FC002002F03C
:102C8000DFFC3C2002F0DCFC002002F0D9FC362006
:102C900002F0D6FC002002F0D3FC322002F0D0FC7F
:102CA000002002F0CDFC2F2002F0CAFC002002F030
:102CB000C7FC2C2002F0C4FC002002F0C1FC29203B
:102CC00002F0BEFC002002F0BBFC262002F0B8FCA3
:102CD000002002F0B5FC242002F0B2FC002002F03B
:102CE000AFFC242002F0ACFC002002F0A9FC232061
:102CF00002F0A6FC002002F0A3FCC42002F0ACFC11
:102D0000622002F09DFC002002F09AFC052002F0F7
:102D100097FC002002F094FC842002F091FC00203B
:102D200002F08EFCF02002F08BFC002002F088FC08
:102D3000182002F085FC002002F082FCA42002F0A2
:102D40007FFC002002F07CFC182002F079FC0020BF
:102D500002F076FC502002F073FC002002F070FCC0
:102D60000C2002F06DFC002002F06AFC172002F03B
:102D700067FC002002F064FC952002F061FC00205A
:102D800002F05EFCF32002F05BFC002002F058FC35
:102D9000E62002F055FC002002F052FCC52002F0B3
:102DA0005BFC322002F04CFC002002F049FC442085
:102DB00002F046FC002002F043FC652002F040FCDB
:102DC000002002F03DFC762002F03AFC002002F0E8
:102DD00037FC882002F034FC002002F031FCC620D1
:102DE00002F03AFC202002F02BFC002002F028FC2C
:102DF000172002F025FC002002F022FC012002F046
:102E00001FFC002002F01CFCC72002F025FC002063
:102E100002F016FC002002F013FC002002F010FC6F
:102E2000002002F00DFCC82002F016FC002002F089
:102E300007FC002002F004FC002002F001FC00204E
:102E400002F0FEFBC92002F007FC002002F0F8FBB4
:102E5000002002F0F5FB002002F0F2FB002002F05F
:102E6000EFFB002002F0ECFB002002F0E9FB002069
:102E700002F0E6FB002002F0E3FB002002F0E0FBA2
:102E8000002002F0DDFB002002F0DAFB002002F05F
:102E9000D7FB002002F0D4FB002002F0D1FB002081
:102EA00002F0CEFB002002F0CBFBE02002F0D4FBCE
:102EB000162002F0C5FB002002F0C2FB1C2002F02D
:102EC000BFFB002002F0BCFB212002F0B9FB002078
:102ED00002F0B6FB362002F0B3FB002002F0B0FB9C
:102EE000462002F0ADFB002002F0AAFB522002F0C7
:102EF000A7FB002002F0A4FB642002F0A1FB00204D
:102F000002F09EFB7A2002F09BFB002002F098FB6F
:102F10008B2002F095FB002002F092FB992002F03A
:102F20008FFB002002F08CFBA82002F089FB002020
:102F300002F086FBB92002F083FB002002F080FB48
:102F4000C42002F07DFB002002F07AFBCA2002F0D0
:102F500077FB002002F074FBD22002F071FB00200E
:102F600002F06EFBD92002F06BFB002002F068FB40
:102F7000E02002F065FB002002F062FBF32002F08B
:102F80005FFB002002F05CFBE12002F065FB1620F5
:102F900002F056FB002002F053FB1C2002F050FB15
:102FA000002002F04DFB222002F04AFB002002F03C
:102FB00047FB362002F044FB002002F041FB452095
:102FC00002F03EFB002002F03BFB522002F038FBF7
:102FD000002002F035FB642002F032FB002002F0FA
:102FE0002FFB7A2002F02CFB002002F029FB8B2023
:102FF00002F026FB002002F023FB992002F020FBC8
:10300000002002F01DFBA82002F01AFB002002F0B5
:1030100017FBB92002F014FB002002F011FBC420C2
:1030200002F00EFB002002F00BFBCA2002F008FBAE
:10303000002002F005FBD22002F002FB002002F08B
:10304000FFFAD82002F0FCFA002002F0F9FAE020A2
:1030500002F0F6FA002002F0F3FAF32002F0F0FAA0
:10306000002002F0EDFAE22002F0F6FA052002F06C
:10307000E7FA002002F0E4FA0B2002F0E1FA002067
:1030800002F0DEFA1B2002F0DBFA002002F0D8FA90
:10309000342002F0D5FA002002F0D2FA442002F0E7
:1030A000CFFA002002F0CCFA4F2002F0C9FA00203B
:1030B00002F0C6FA612002F0C3FA002002F0C0FA62
:1030C000792002F0BDFA002002F0BAFA882002F05E
:1030D000B7FA002002F0B4FA972002F0B1FA00200B
:1030E00002F0AEFAA62002F0ABFA002002F0A8FA35
:1030F000B72002F0A5FA002002F0A2FAC22002F0E6
:103100009FFA002002F09CFAC72002F099FA0020F2
:1031100002F096FAD12002F093FA002002F090FA21
:10312000D62002F08DFA002002F08AFADD2002F0AB
:1031300087FA002002F084FAF32002F081FA0020DE
:1031400002F07EFAE32002F087FA052002F078FA16
:10315000002002F075FA0A2002F072FA002002F054
:103160006FFA1C2002F06CFA002002F069FA33209A
:1031700002F066FA002002F063FA442002F060FADE
:10318000002002F05DFA502002F05AFA002002F00E
:1031900057FA622002F054FA002002F051FA782027
:1031A00002F04EFA002002F04BFA882002F048FAB2
:1031B000002002F045FA972002F042FA002002F0C7
:1031C0003FFAA62002F03CFA002002F039FAB720BC
:1031D00002F036FA002002F033FAC22002F030FA90
:1031E000002002F02DFAC72002F02AFA002002F097
:1031F00027FAD12002F024FA002002F021FAD5208B
:1032000002F01EFA002002F01BFADD2002F018FA8C
:10321000002002F015FAF32002F012FA002002F06A
:103220000FFAE42002F018FA012002F009FA002057
:1032300002F006FA012002F003FA002002F000FA80
:10324000022002F0FDF9002002F0FAF92A2002F033
:10325000F7F9002002F0F4F93C2002F0F1F9002027
:1032600002F0EEF94B2002F0EBF9002002F0E8F951
:103270005D2002F0E5F9002002F0E2F9742002F08E
:10328000DFF9002002F0DCF9842002F0D9F90020F7
:1032900002F0D6F9932002F0D3F9002002F0D0F921
:1032A000A22002F0CDF9002002F0CAF9B32002F00A
:1032B000C7F9002002F0C4F9BE2002F0C1F90020D5
:1032C00002F0BEF9C42002F0BBF9002002F0B8F908
:1032D000CD2002F0B5F9002002F0B2F9D32002F0BF
:1032E000AFF9002002F0ACF9DD2002F0A9F90020CE
:1032F00002F0A6F9F32002F0A3F9002002F0A0F9F1
:10330000E52002F0A9F9002002F09AF9002002F06D
:1033100097F9002002F094F9002002F091F90220C0
:1033200002F08EF9002002F08BF9292002F088F9D2
:10333000002002F085F93C2002F082F9002002F022
:103340007FF94B2002F07CF9002002F079F95D2032
:1033500002F076F9002002F073F9742002F070F99F
:10336000002002F06DF9842002F06AF9002002F0DA
:1033700067F9932002F064F9002002F061F9A220BD
:1033800002F05EF9002002F05BF9B32002F058F978
:10339000002002F055F9BE2002F052F9002002F0A0
:1033A0004FF9C42002F04CF9002002F049F9CD2079
:1033B00002F046F9002002F043F9D32002F040F970
:1033C000002002F03DF9DC2002F03AF9002002F082
:1033D00037F9F32002F034F9002002F031F9E62049
:1033E00002F03AF9112002F02BF9002002F028F93E
:1033F000342002F025F9002002F022F9562002F0D4
:103400001FF9002002F01CF9762002F019F90020C3
:1034100002F016F9772002F013F9002002F010F9FB
:10342000662002F00DF9002002F00AF9882002F06F
:1034300007F9002002F004F9992002F001F90020B8
:1034400002F0FEF8BB2002F0FBF8002002F0F8F8D2
:10345000992002F0F5F8002002F0F2F8662002F060
:10346000EFF8002002F0ECF8552002F0E9F8002017
:1034700002F0E6F8552002F0E3F8002002F0E0F850
:10348000452002F0DDF8002002F0DAF8432002F0D7
:10349000D7F8002002F0D4F8442002F0D1F8002040
:1034A00002F0CEF8E72002F0D7F8322002F0C8F898
:1034B000002002F0C5F8552002F0C2F8002002F00A
:1034C000BFF8762002F0BCF8002002F0B9F86620C0
:1034D00002F0B6F8002002F0B3F8672002F0B0F86E
:1034E000002002F0ADF8672002F0AAF8002002F0F8
:1034F000A7F8872002F0A4F8002002F0A1F8992094
:1035000002F09EF8002002F09BF8BB2002F098F831
:10351000002002F095F8992002F092F8002002F0C5
:103520008FF8772002F08CF8002002F089F8442010
:1035300002F086F8002002F083F8562002F080F8AE
:10354000002002F07DF8232002F07AF8002002F03B
:1035500077F8332002F074F8002002F071F845206B
:1035600002F06EF8002002F06BF8E82002F074F828
:10357000002002F065F8002002F062F8992002F0C5
:103580005FF8002002F05CF8872002F059F8002074
:1035900002F056F8882002F053F8002002F050F8AC
:1035A000772002F04DF8002002F04AF8662002F081
:1035B00047F8002002F044F8882002F041F800208B
:1035C00002F03EF8AA2002F03BF8002002F038F8A2
:1035D000BB2002F035F8002002F032F8992002F00A
:1035E0002FF8002002F02CF8662002F029F80020C5
:1035F00002F026F8552002F023F8002002F020F80F
:10360000552002F01DF8002002F01AF8442002F0C4
:1036100017F8002002F014F8442002F011F80020FE
:1036200002F00EF8552002F00BF8002002F008F826
:10363000E92002F011F8AA2002F002F8002001F0BF
:10364000FFFF002001F0FCFF002001F0F9FF002047
:1036500002F002F8AA2001F0F3FFCF2001F0FCFFF6
:10366000002001F0EDFF002001F0EAFF002001F052
:10367000E7FF002001F0E4FF002001F0E1FF00205F
:1036800001F0DEFF002001F0DBFF002001F0D8FF99
:10369000002001F0D5FF002001F0D2FF002001F052
:1036A000CFFF002001F0CCFF002001F0C9FF002077
:1036B00001F0C6FF002001F0C3FF002001F0C0FFB1
:1036C000002001F0BDFFF02001F0C6FF002001F056
:1036D000B7FF502001F0B4FF002001F0B1FF00203F
:1036E00001F0AEFF002001F0ABFFF32001F0B4FFCA
:1036F000002001F0A5FFF92001F0AEFF062001F047
:103700009FFF102001F09CFF292001F099FF00206D
:1037100001F096FF3A2001F09FFF552001F090FF45
:10372000112001F099FF6420FCF7D5FE292001F05B
:1037300093FF352001F090FF002001F081FF512020
:1037400001F08AFFFF2001F07BFF532001F084FF8E
:103750002C2001F075FF552001F07EFF822001F042
:103760006FFF2C2001F078FF10BD10B555214FF4EC
:10377000704001F087FFAA214FF2010001F082FFA3
:1037800052214FF2020001F07DFF08214FF20300A9
:1037900001F078FF01214FF2040001F073FF0D21C9
:1037A0004FF4304001F06EFF0D214BF2010001F0AB
:1037B00069FF0D214BF2020001F064FF34214FF448
:1037C000364001F05FFF34214BF2016001F05AFFF7
:1037D00034214BF2026001F055FF0D214FF43140CE
:1037E00001F050FF0D214BF2011001F04BFF0D21B4
:1037F0004BF2021001F046FF34214FF4374001F044
:1038000041FF34214BF2017001F03CFF34214BF2B7
:10381000027001F037FF00214FF4324001F032FF17
:1038200000214BF2012001F02DFF00214BF202207C
:1038300001F028FF24214FF4384001F023FF242118
:103840004BF6010001F01EFF24214BF6020001F0AF
:1038500019FF01214FF43F4001F014FF0F214FF4F5
:10386000334001F00FFF0F214BF2013001F00AFF4E
:103870000F214BF2023001F005FF34214FF43940A3
:1038800001F000FF34214BF6011001F0FBFE342162
:103890004BF6021001F0F6FE08214FF4354001F01E
:1038A000F1FE08214BF2015001F0ECFE08214BF231
:1038B000025001F0E7FE03214FF4424001F0E2FE26
:1038C00024214FF43A4001F0DDFE24214BF6012083
:1038D00001F0D8FE24214BF6022001F0D3FE002196
:1038E0004FF43C4001F0CEFE78214BF6014001F050
:1038F000C9FE00214BF6024001F0C4FE00214FF446
:103900003D4001F0BFFE78214BF6015001F0BAFEB8
:1039100000214BF6025001F0B5FE00214FF43E406D
:1039200001F0B0FE64214BF6016001F0ABFE002116
:103930004FF4514001F0A6FE33214DF2011001F089
:10394000A1FE00214DF2021001F09CFE34214DF247
:10395000031001F097FE00214DF2041001F092FED9
:103960003A214DF2051001F08DFE00214DF20610B6
:1039700001F088FE4A214DF2071001F083FE00217C
:103980004DF2081001F07EFE5C214DF2091001F0AD
:1039900079FE00214DF20A1001F074FE81214DF2F2
:1039A0000B1001F06FFE00214DF20C1001F06AFEC9
:1039B000A6214DF20D1001F065FE00214DF20E1012
:1039C00001F060FEE5214DF20F1001F05BFE0121D8
:1039D0004DF2101001F056FE13214DF2111001F0BE
:1039E00051FE01214DF2121001F04CFE54214DF216
:1039F000131001F047FE01214DF2141001F042FEB8
:103A000082214DF2151001F03DFE01214DF21610FC
:103A100001F038FECA214DF2171001F033FE0221E9
:103A20004DF2181001F02EFE00214DF2191001F098
:103A300029FE02214DF21A1001F024FE01214DF25F
:103A40001B1001F01FFE02214DF21C1001F01AFEA6
:103A500034214DF21D1001F015FE02214DF21E1011
:103A600001F010FE67214DF21F1001F00BFE022144
:103A70004DF2201001F006FE84214DF2211001F0DC
:103A800001FE02214DF2221001F0FCFDA4214DF2B5
:103A9000231001F0F7FD02214DF2241001F0F2FD98
:103AA000B7214DF2251001F0EDFD02214DF2261057
:103AB00001F0E8FDCF214DF2271001F0E3FD0221D6
:103AC0004DF2281001F0DEFDDE214DF2291001F04B
:103AD000D9FD02214DF22A1001F0D4FDF2214DF260
:103AE0002B1001F0CFFD02214DF22C1001F0CAFD88
:103AF000FE214DF22D1001F0C5FD03214DF22E10D7
:103B000001F0C0FD10214DF22F1001F0BBFD03218B
:103B10004DF2301001F0B6FD33214DF2311001F0BD
:103B2000B1FD03214DF2321001F0ACFD6D214DF2DB
:103B3000331001F0A7FD00214FF4524001F0A2FD27
:103B400033214DF2012001F09DFD00214DF20220B4
:103B500001F098FD34214DF2032001F093FD002186
:103B60004DF2042001F08EFD3A214DF2052001F0C6
:103B700089FD00214DF2062001F084FD4A214DF21D
:103B8000072001F07FFD00214DF2082001F07AFDB1
:103B90005C214DF2092001F075FD00214DF20A2053
:103BA00001F070FD81214DF20B2001F06BFD002131
:103BB0004DF20C2001F066FDA6214DF20D2001F022
:103BC00061FD00214DF20E2001F05CFDE5214DF27A
:103BD0000F2001F057FD01214DF2102001F052FDA0
:103BE00013214DF2112001F04DFD01214DF2122063
:103BF00001F048FD54214DF2132001F043FD012155
:103C00004DF2142001F03EFD82214DF2152001F00D
:103C100039FD01214DF2162001F034FDCA214DF28B
:103C2000172001F02FFD02214DF2182001F02AFD8E
:103C300000214DF2192001F025FD02214DF21A203C
:103C400001F020FD01214DF21B2001F01BFD02219E
:103C50004DF21C2001F016FD34214DF21D2001F023
:103C600011FD02214DF21E2001F00CFD67214DF2E5
:103C70001F2001F007FD02214DF2202001F002FD7E
:103C800084214DF2212001F0FDFC02214DF2222081
:103C900001F0F8FCA4214DF2232001F0F3FC0221F5
:103CA0004DF2242001F0EEFCB7214DF2252001F069
:103CB000E9FC02214DF2262001F0E4FCCF214DF277
:103CC000272001F0DFFC02214DF2282001F0DAFC70
:103CD000DE214DF2292001F0D5FC02214DF22A20EF
:103CE00001F0D0FCF2214DF22B2001F0CBFC02219F
:103CF0004DF22C2001F0C6FCFE214DF22D2001F0EA
:103D0000C1FC03214DF22E2001F0BCFC10214DF22C
:103D10002F2001F0B7FC03214DF2302001F0B2FC5E
:103D200033214DF2312001F0ADFC03214DF2322060
:103D300001F0A8FC6D214DF2332001F0A3FC00211D
:103D40004FF4534001F09EFC33214DF2013001F05D
:103D500099FC00214DF2023001F094FC34214DF227
:103D6000033001F08FFC00214DF2043001F08AFC99
:103D70003A214DF2053001F085FC00214DF206306C
:103D800001F080FC4A214DF2073001F07BFC00215C
:103D90004DF2083001F076FC5C214DF2093001F063
:103DA00071FC00214DF20A3001F06CFC81214DF2D2
:103DB0000B3001F067FC00214DF20C3001F062FC89
:103DC000A6214DF20D3001F05DFC00214DF20E30C8
:103DD00001F058FCE5214DF20F3001F053FC0121B8
:103DE0004DF2103001F04EFC13214DF2113001F074
:103DF00049FC01214DF2123001F044FC54214DF2F6
:103E0000133001F03FFC01214DF2143001F03AFC77
:103E100082214DF2153001F035FC01214DF21630B2
:103E200001F030FCCA214DF2173001F02BFC0221C9
:103E30004DF2183001F026FC00214DF2193001F04E
:103E400021FC02214DF21A3001F01CFC01214DF23F
:103E50001B3001F017FC02214DF21C3001F012FC66
:103E600034214DF21D3001F00DFC02214DF21E30C7
:103E700001F008FC67214DF21F3001F003FC022124
:103E80004DF2203001F0FEFB84214DF2213001F093
:103E9000F9FB02214DF2223001F0F4FBA4214DF296
:103EA000233001F0EFFB02214DF2243001F0EAFB58
:103EB000B7214DF2253001F0E5FB02214DF226300D
:103EC00001F0E0FBCF214DF2273001F0DBFB0221B6
:103ED0004DF2283001F0D6FBDE214DF2293001F001
:103EE000D1FB02214DF22A3001F0CCFBF2214DF240
:103EF0002B3001F0C7FB02214DF22C3001F0C2FB48
:103F0000FE214DF22D3001F0BDFB03214DF22E308C
:103F100001F0B8FB10214DF22F3001F0B3FB03216B
:103F20004DF2303001F0AEFB33214DF2313001F073
:103F3000A9FB03214DF2323001F0A4FB6D214DF2BB
:103F4000333001F09FFB00214FF4544001F09AFB05
:103F500033214DF2014001F095FB00214DF202406A
:103F600001F090FB34214DF2034001F08BFB002166
:103F70004DF2044001F086FB3A214DF2054001F07C
:103F800081FB00214DF2064001F07CFB4A214DF2FD
:103F9000074001F077FB00214DF2084001F072FB71
:103FA0005C214DF2094001F06DFB00214DF20A4009
:103FB00001F068FB81214DF20B4001F063FB002111
:103FC0004DF20C4001F05EFBA6214DF20D4001F0D8
:103FD00059FB00214DF20E4001F054FBE5214DF25A
:103FE0000F4001F04FFB01214DF2104001F04AFB60
:103FF00013214DF2114001F045FB01214DF2124019
:1040000001F040FB54214DF2134001F03BFB012134
:104010004DF2144001F036FB82214DF2154001F0C3
:1040200031FB01214DF2164001F02CFBCA214DF26B
:10403000174001F027FB02214DF2184001F022FB4E
:1040400000214DF2194001F01DFB02214DF21A40F2
:1040500001F018FB01214DF21B4001F013FB02217E
:104060004DF21C4001F00EFB34214DF21D4001F0D9
:1040700009FB02214DF21E4001F004FB67214DF2C5
:104080001F4001F0FFFA02214DF2204001F0FAFA40
:1040900084214DF2214001F0F5FA02214DF2224037
:1040A00001F0F0FAA4214DF2234001F0EBFA0221D5
:1040B0004DF2244001F0E6FAB7214DF2254001F01F
:1040C000E1FA02214DF2264001F0DCFACF214DF257
:1040D000274001F0D7FA02214DF2284001F0D2FA30
:1040E000DE214DF2294001F0CDFA02214DF22A40A5
:1040F00001F0C8FAF2214DF22B4001F0C3FA02217F
:104100004DF22C4001F0BEFAFE214DF22D4001F09F
:10411000B9FA03214DF22E4001F0B4FA10214DF20C
:104120002F4001F0AFFA03214DF2304001F0AAFA1E
:1041300033214DF2314001F0A5FA03214DF2324016
:1041400001F0A0FA6D214DF2334001F09BFA0021FD
:104150004FF4554001F096FA33214DF2015001F031
:1041600091FA00214DF2025001F08CFA34214DF207
:10417000035001F087FA00214DF2045001F082FA59
:104180003A214DF2055001F07DFA00214DF2065022
:1041900001F078FA4A214DF2075001F073FA00213C
:1041A0004DF2085001F06EFA5C214DF2095001F019
:1041B00069FA00214DF20A5001F064FA81214DF2B2
:1041C0000B5001F05FFA00214DF20C5001F05AFA49
:1041D000A6214DF20D5001F055FA00214DF20E507E
:1041E00001F050FAE5214DF20F5001F04BFA012198
:1041F0004DF2105001F046FA13214DF2115001F02A
:1042000041FA01214DF2125001F03CFA54214DF2D5
:10421000135001F037FA01214DF2145001F032FA37
:1042200082214DF2155001F02DFA01214DF2165068
:1042300001F028FACA214DF2175001F023FA0221A9
:104240004DF2185001F01EFA00214DF2195001F004
:1042500019FA02214DF21A5001F014FA01214DF21F
:104260001B5001F00FFA02214DF21C5001F00AFA26
:1042700034214DF21D5001F005FA02214DF21E507D
:1042800001F000FA67214DF21F5001F0FBF9022105
:104290004DF2205001F0F6F984214DF2215001F049
:1042A000F1F902214DF2225001F0ECF9A4214DF276
:1042B000235001F0E7F902214DF2245001F0E2F918
:1042C000B7214DF2255001F0DDF902214DF22650C3
:1042D00001F0D8F9CF214DF2275001F0D3F9022196
:1042E0004DF2285001F0CEF9DE214DF2295001F0B7
:1042F000C9F902214DF22A5001F0C4F9F2214DF220
:104300002B5001F0BFF902214DF22C5001F0BAF907
:10431000FE214DF22D5001F0B5F903214DF22E5042
:1043200001F0B0F910214DF22F5001F0ABF903214B
:104330004DF2305001F0A6F933214DF2315001F029
:10434000A1F903214DF2325001F09CF96D214DF29B
:10435000335001F097F900214FF4564001F092F9E3
:1043600033214DF2016001F08DF900214DF2026020
:1043700001F088F934214DF2036001F083F9002146
:104380004DF2046001F07EF93A214DF2056001F032
:1043900079F900214DF2066001F074F94A214DF2DD
:1043A000076001F06FF900214DF2086001F06AF931
:1043B0005C214DF2096001F065F900214DF20A60BF
:1043C00001F060F981214DF20B6001F05BF90021F1
:1043D0004DF20C6001F056F9A6214DF20D6001F08E
:1043E00051F900214DF20E6001F04CF9E5214DF23A
:1043F0000F6001F047F901214DF2106001F042F920
:1044000013214DF2116001F03DF901214DF21260CE
:1044100001F038F954214DF2136001F033F9012114
:104420004DF2146001F02EF982214DF2156001F079
:1044300029F901214DF2166001F024F9CA214DF24B
:10444000176001F01FF902214DF2186001F01AF90E
:1044500000214DF2196001F015F902214DF21A60A8
:1044600001F010F901214DF21B6001F00BF902215E
:104470004DF21C6001F006F934214DF21D6001F08F
:1044800001F902214DF21E6001F0FCF867214DF2A6
:104490001F6001F0F7F802214DF2206001F0F2F800
:1044A00084214DF2216001F0EDF802214DF22260ED
:1044B00001F0E8F8A4214DF2236001F0E3F80221B5
:1044C0004DF2246001F0DEF8B7214DF2256001F0D5
:1044D000D9F802214DF2266001F0D4F8CF214DF237
:1044E000276001F0CFF802214DF2286001F0CAF8F0
:1044F000DE214DF2296001F0C5F802214DF22A605B
:1045000001F0C0F8F2214DF22B6001F0BBF802215E
:104510004DF22C6001F0B6F8FE214DF22D6001F055
:10452000B1F803214DF22E6001F0ACF810214DF2EC
:104530002F6001F0A7F803214DF2306001F0A2F8DE
:1045400033214DF2316001F09DF803214DF23260CC
:1045500001F098F86D214DF2336001F093F8552188
:104560004FF4704001F08EF8AA214FF2010001F0E3
:1045700089F852214FF2020001F084F808214FF22D
:10458000030001F07FF800214FF2040001F07AF8F7
:10459000CC214FF4314001F075F800214BF20110AD
:1045A00001F070F805214FF4364001F06BF87021EE
:1045B0004FF4374001F066F870214BF2017001F0C2
:1045C00061F801214FF4384001F05CF803214BF60B
:1045D000010001F057F803214BF6020001F052F8F8
:1045E00003214BF6030001F04DF802214FF43C404B
:1045F00001F048F800214BF6014001F043F800219A
:104600004BF6024001F03EF8D0214FF4494001F052
:1046100039F802214CF6011001F034F850214CF623
:10462000021001F02FF850214CF6031001F02AF887
:1046300050214CF6041001F025F800214FF454509D
:1046400001F020F855214FF4685001F01BF84FF4A9
:10465000885001F001F87820FBF76FFF4FF42450E9
:1046600000F0FAFF10BD10B5E22000F0F5FF1D20AC
:1046700000F0E6FF022000F0E3FF042000F0E0FF7E
:104680006420FBF75AFFE02000F0E6FF012000F075
:10469000D7FF0A20FBF71FFFE02000F0DDFF03201B
:1046A00000F0CEFF0C20FBF716FF012000F0D4FF36
:1046B0000A20FBF710FFE62000F0CEFF2F2000F0CD
:1046C000BFFFFF2000F0BCFFFF2000F0B9FFB020CB
:1046D00000F0C2FF202000F0B3FF002000F0B0FF88
:1046E000032000F0ADFF40F21F3000F0A9FF0120D1
:1046F00000F0A6FF40F2DF1000F0A2FF002000F063
:104700009FFFB42000F0A8FF042000F099FF40F2C2
:104710001F4000F095FF002000F092FF2E2000F0D7
:104720008FFF002000F08CFF002000F089FF0020A8
:1047300000F086FF002000F083FFB62000F08CFF21
:10474000022000F07DFF4FF4037000F079FF00209D
:1047500000F076FF172000F073FF152000F070FFC7
:10476000002000F06DFF002000F06AFFF02000F054
:1047700073FF032000F064FF292000F06DFFD020BC
:1047800000F06AFF002000F05BFFBE2000F064FF35
:10479000052000F055FFFE2000F052FF012000F040
:1047A0004FFF002000F04CFF002000F049FF0020E8
:1047B00000F046FFB82000F04FFF032000F040FF5C
:1047C000012000F03DFFBA2000F046FF012000F07C
:1047D00037FF10BD10B5112000F03EFF7820FBF729
:1047E0007AFE362000F038FF002000F029FF3A2042
:1047F00000F032FF052000F023FFB22000F02CFF74
:104800000C2000F01DFF0C2000F01AFF002000F02B
:1048100017FF332000F014FF332000F011FFB72002
:1048200000F01AFF352000F00BFFBB2000F014FF52
:10483000322000F005FFC02000F00EFF0C2000F039
:10484000FFFEC22000F008FF012000F0F9FEC320A7
:1048500000F002FF102000F0F3FEC42000F0FCFE88
:10486000202000F0EDFEC62000F0F6FE0F2000F044
:10487000E7FED02000F0F0FEA42000F0E1FEA12031
:1048800000F0DEFEE02000F0E7FED02000F0D8FED1
:10489000002000F0D5FE022000F0D2FE072000F03C
:1048A000CFFE0A2000F0CCFE282000F0C9FE322006
:1048B00000F0C6FE442000F0C3FE422000F0C0FE1F
:1048C000062000F0BDFE0E2000F0BAFE122000F01F
:1048D000B7FE142000F0B4FE172000F0B1FEE12076
:1048E00000F0BAFED02000F0ABFE002000F0A8FEE1
:1048F000022000F0A5FE072000F0A2FE0A2000F032
:104900009FFE282000F09CFE312000F099FE5420EC
:1049100000F096FE472000F093FE0E2000F090FE7F
:104920001C2000F08DFE172000F08AFE1B2000F0F6
:1049300087FE1E2000F084FE2A2000F08DFE00205D
:1049400000F07EFE002000F07BFE002000F078FEEC
:10495000EF2000F075FE2B2000F07EFE002000F01E
:104960006FFE002000F06CFE012000F069FE3F2089
:1049700000F066FE292000F06FFE10BD10B511207A
:1049800000F06AFE7820FBF7A6FD362000F064FEFA
:10499000482000F055FE3A2000F05EFE552000F061
:1049A0004FFEF02000F058FEC32000F049FEF0203A
:1049B00000F052FE962000F043FEB42000F04CFEC2
:1049C000012000F03DFEB62000F046FE0A2000F077
:1049D00037FEA22000F034FEB72000F03DFEC620D6
:1049E00000F02EFEB92000F037FE022000F028FE75
:1049F000E02000F025FEC02000F02EFE802000F018
:104A00001FFE162000F01CFEC12000F025FE19201C
:104A100000F016FEC22000F01FFEA72000F010FEDE
:104A2000C52000F019FE162000F00AFEE82000F074
:104A300013FE402000F004FE8A2000F001FE00205A
:104A400000F0FEFD002000F0FBFD292000F0F8FD45
:104A5000192000F0F5FDA52000F0F2FD332000F054
:104A6000EFFDE02000F0F8FDF02000F0E9FD072068
:104A700000F0E6FD0D2000F0E3FD042000F0E0FD75
:104A8000052000F0DDFD142000F0DAFD362000F0F6
:104A9000D7FD542000F0D4FD4C2000F0D1FD38208B
:104AA00000F0CEFD132000F0CBFD142000F0C8FD77
:104AB0002E2000F0C5FD342000F0C2FDE12000F002
:104AC000CBFDF02000F0BCFD102000F0B9FD14205B
:104AD00000F0B6FD0E2000F0B3FD0C2000F0B0FD9C
:104AE000082000F0ADFD352000F0AAFD442000F0C4
:104AF000A7FD4C2000F0A4FD262000F0A1FD102011
:104B000000F09EFD122000F09BFD2C2000F098FD8F
:104B1000322000F095FDF02000F09EFD3C2000F0DA
:104B20008FFDF02000F098FD692000F089FD7820CD
:104B3000FBF7D1FC212000F08FFD292000F08CFD37
:104B400010BD00002DE9F04F05460E461746984669
:104B5000DDF824A04FF0000B781B401C1FFA80FBEF
:104B6000344613E02146284600F0DCFB00F080FDCF
:104B70004FF0000906E00749A1F800A009F1010083
:104B80001FFA80F9D945F6DB601C84B24445E9DDA3
:104B9000BDE8F08F0000106000B595B000BF00BF09
:104BA000F948006840F00800F749086008460068C6
:104BB00000F00800019000BF00BF00BF00BF00BFB1
:104BC0000846006840F0080008600846006800F0E9
:104BD0000800019000BF00BF00BF00BF00BF084633
:104BE000006840F0080008600846006800F008000F
:104BF000019000BF00BF00BF00BF00BF08460068B3
:104C000040F0100008600846006800F010000190B5
:104C100000BF00BF00BF00BF00BF0846006840F0F3
:104C2000020008600846006800F00200019000BF22
:104C300000BF00BF80201090022011900120129030
:104C4000032013900C20149010A9D048FBF72AFCE5
:104C50002020109010A9CD48FBF724FC10201090C4
:104C600010A9CA48FBF71EFC0820109010A9C848DC
:104C7000FBF718FC202010900120119010A9C548C6
:104C8000FBF710FCC448C5490860C54848600020CF
:104C900088600021C148C16001611021416100218B
:104CA0008161C16101624FF48051416200218162E2
:104CB0004FF48041C1620021016341634FF48011D0
:104CC00081630F20099000200A904E200B90002055
:104CD0000F900F200290002003900F2004900020DE
:104CE000089002AA09A9AD48FBF7EEFC3220FBF7B9
:104CF000F2FBD32000F0B0FC00F0EAF9A94988806B
:104D000000F0E6F9A749888000F0E2F9A54988801B
:104D1000084680884FF6FF7101EA0020A14988808B
:104D200000F0D6F99F49898808439E498880084643
:104D3000808849F2413188427ED0042000F08CFC0A
:104D400000F0C6F99749888000F0C2F9954988803B
:104D500000F0BEF993498880084680884FF6FF71BD
:104D600001EA00208F49888000F0B2F98D498988D6
:104D700008438C4988800846808848F2525188420E
:104D800003D147F28970874988808648808847F236
:104D900089718842D0D0D42000F05EFC00F098F9F0
:104DA0008049888000F094F97E49888000F090F96D
:104DB0007C498880084680884FF6FF7101EA002010
:104DC0007849888000F084F97649898808437549D4
:104DD00088800846808845F210318842ACD0D320C4
:104DE00000F03AFC00F074F96E49888000F070F928
:104DF0006C49888000F06CF96A4988800846808890
:104E00004FF6FF7101EA00206649888000F060F9E2
:104E1000644989880843634988800846808847F246
:104E20009671884288D055214FF4704000F02AFCDA
:104E3000AA214FF2010000E07CE000F023FC5221A7
:104E40004FF2020000F01EFC08214FF2030000F0B8
:104E500019FC01214FF2040000F014FC4FF445400E
:104E600000F0FAFB00F034F94E498880084680884B
:104E70004FF6FF7101EA00204A4988804CF2015048
:104E800000F0EAFB00F024F94649898808434549C7
:104E900088800520FBF71FFB4248808845F21051AF
:104EA000884247D0D32000F0D7FB00F011F93D49EC
:104EB000888000F00DF93B49888000F009F93949F4
:104EC0008880084680884FF6FF7101EA0020354946
:104ED000888000F0FDF8334989880843314988808B
:104EE0000846808849F60601884223D0A12000F0B8
:104EF000B3FB00F0EDF82B49888000F0E9F8294970
:104F00008880084680884FF6FF7101EA0020254915
:104F1000888000F0DDF8234989880843214988808A
:104F20000846808845F26171884203D141F66310DA
:104F30001C4988801B4881881BA0FBF773F819481F
:104F4000808847F28971884202D1FFF743FC4EE026
:104F50001448808849F24131884202D1FDF7D6F9E0
:104F600045E01048808845F21031884202D1FDF7B3
:104F700083FC3CE00B48808847F29671884219D147
:104F8000FFF7FCFC33E00000E0440258000C02583C
:104F9000001002580004025800400052D0020024C1
:104FA000044100521C0300244C43442049443A2548
:104FB000780D0A004048808845F21051884202D19D
:104FC000FEF7D3FB13E03C48808849F6060188428F
:104FD00002D1FDF7B1FA0AE03748808841F6631143
:104FE000884204D1FFF73FFB642000F001FB324808
:104FF000808847F28971884205D02F48808847F21F
:10500000967188420AD10520029004902B49CB6A00
:105010008A68486802A9FBF7AFFA3DE02648808815
:1050200049F2413188420AD1042002900490234978
:10503000CB6A8A68486802A9FBF79EFA2CE01E48F2
:10504000808841F6631188420BD01B48808845F266
:105050001031884205D01848808845F210518842A6
:105060000AD10220029004901449CB6A8A684868E9
:1050700002A9FBF781FA0FE00F48808849F6060184
:10508000884209D10320029004900C49CB6A8A68B7
:10509000486802A9FBF770FA0020FDF771F800BF1D
:1050A000012220210648FBF711FA00BF4FF6FF70DE
:1050B000FDF74CF815B000BD1C030024D0020024FD
:1050C0000004025800BF011EA0F10100FBD170478F
:1050D00008B50220FFF7F6FF024800880090BDF8EF
:1050E000000008BD00001060F0B505460024002750
:1050F0008B488079012805D18948808841F6631161
:10510000884208D186488079F0B98548808841F680
:105110006311884218D1082D15D2DFE805F0040686
:10512000080A0C0E101206250DE007250BE00425D9
:1051300009E0052507E0012505E0002503E003253A
:1051400001E0022500BF00BF082D1CD2DFE805F0FA
:105150000406090C0F12151800BF14E044F0800477
:1051600011E044F040040EE044F0C0040BE044F0D1
:10517000200408E044F0600405E044F0A00402E0EC
:1051800044F0E00400BF00BF36276548808845F240
:105190001051884200D13F026148808849F2413174
:1051A00088420BD05E48808847F28971884205D0DA
:1051B0005B48808847F29671884201D144F0080428
:1051C0002146384600F05EFA5548808841F6631162
:1051D00088421DD004F0200068B151480088504931
:1051E0004988884214DA4E48068840884C4908802D
:1051F000084646800CE04A48008849494988884268
:1052000006DD4748068840884549088008464680AC
:105210004348808845F21051884252D1404948891C
:1052200000F01AFA002000F00BFA3D494989491CA8
:1052300088B200F011FA002000F002FA38494989DA
:10524000891C88B200F008FA35490988491EC1F363
:105250000F2000F0F5F932494989C91C88B200F0E5
:10526000FBF92F490978491EC8B200F0E9F92C4929
:10527000888900F0F1F9002000F0E2F928498989D5
:10528000491C88B200F0E8F9002000F0D9F924495F
:105290008989891C88B200F0DFF921494988491EB3
:1052A000C1F30F2000F0CCF91D498989C91C88B2CF
:1052B00000F0D2F91A498978491EC8B200F0C0F945
:1052C0002DE01749488900F0C7F9002000F0B8F92F
:1052D000002000F0B5F912490988491EC1F30F20DA
:1052E00000F0AEF90E490978491EC8B200F0A8F9DD
:1052F0000B49888900F0B0F9002000F0A1F90020E6
:1053000000F09EF906494988491EC1F30F2000F0BC
:1053100097F903498978491EC8B200F091F9F0BDA8
:105320001C03002410B502460C464548808841F60F
:105330006311884247D142488079A8B94048008823
:10534000401E801A82B23E49488900F085F900204B
:1053500000F076F9002000F073F9101200F070F9F7
:10536000D0B200F06DF916E03549488900F074F9C3
:10537000101200F065F9D0B200F062F930490988E6
:10538000491EC1F30F2000F05BF92D490978491E31
:10539000C8B200F055F92A49888900F05DF9201259
:1053A00000F04EF9E0B200F04BF925494988491E5A
:1053B000C1F30F2000F044F921498978491EC8B291
:1053C00000F03EF93AE01E48808845F210518842CC
:1053D00020D11B49488900F03FF9101200F030F944
:1053E00017494989491C88B200F036F9D0B200F05B
:1053F00027F91349888900F02FF9201200F020F9CD
:105400000F498989491C88B200F026F9E0B200F002
:1054100017F913E00A49488900F01EF9101200F04C
:105420000FF9D0B200F00CF90549888900F014F9A1
:10543000201200F005F9E0B200F002F910BD000002
:105440001C0300242DE9FC4F80460E4615461C46E1
:10545000B3460020019000902046E31704EB5373FD
:10546000DB1021464FEAE47C04EB5C7C4FEAEC0C59
:10547000A4EBCC0CBCF1000F02D04FF0010C01E00A
:105480004FF0000C6344224604EBD27C4FEA6C0CD4
:1054900003FB0CF3DBB20193A5F12000C5B20C2C89
:1054A00006D0102C0BD0182C0ED0202C18D112E0C6
:1054B00005EB45002D4901EB8000009012E02C48DF
:1054C00000EB051000900DE005EBC500294901EB4C
:1054D0008000009006E0284800EBC510009001E035
:1054E000BDE8FC8F00BF00273AE0009810F8079055
:1054F0004FF0000A2EE009F0800028B13146404606
:105500000C9AFCF7F3FE07E00B9828B91B483146CC
:1055100002684046FCF7EAFE4FEA49604FEA10692C
:10552000701C86B216484088B04200DCD8E7A6EB73
:105530000B00A0420AD15E4608F101001FFA80F874
:105540000F480088404500DCCAE706E00AF1010088
:1055500000F0FF0ABAF1080FCDDB00BF781CC7B21C
:1055600001988742C1DB00BFBAE700002C6A0090B7
:10557000A06E009090740090EC81009024000024B4
:105580001C0300242DE9FC4F04460D469046994625
:10559000DDE90C7A0B9E04F0FF0B08EB04001FFA08
:1055A00080F809EB05001FFA80F917E0444502DB9B
:1055B0005C46A81985B24D4500DB15E00020CDE919
:1055C000000A3A78334629462046FFF73BFF30462B
:1055D00006EBD07104EB61018CB27F1C38787E2819
:1055E00002DC38782028E1DA00BFBDE8FC8F00003B
:1055F00000B50246BE2000F02FF8052000F020F88C
:1056000000EE102AB8EE400B9FED0B1B20EE010BB5
:10561000BCEEC00B10EE101A88B200F011F8012099
:1056200000F00EF8FF2000F00BF8002000F008F862
:10563000002000F005F800BD6666666666660440F8
:1056400001B5BDF800000090BDF8000001490880D8
:1056500008BD00000000106001B5BDF8000000901A
:10566000BDF800000149088008BD0000FEFF0F6082
:105670000248008902490880704700001C0300248A
:10568000FEFF0F60024A1080921C118070470000DC
:10569000FEFF0F6000B587B000BF00BF2148006863
:1056A00040F010001F4908600846006800F0100034
:1056B000019000BF00BF00BF00BF00BF08460068E8
:1056C00040F0100008600846006800F010000190EB
:1056D00000BF00BF00BF20200290012003900220E5
:1056E0000490059002A91048FAF7DCFE40200290D1
:1056F0000120039002200490059002A90A48FAF7BD
:10570000D1FE00BF012220210748FAF7DFFE00BFCB
:1057100000BF012240210448FAF7D8FE00BF07B0BD
:1057200000BD0000E0440258001002581FB50120DF
:1057300000220323CDE90120009303901346024683
:105740001021400700F04FF8012000220323CDE98B
:10575000012000930390134602221221480600F014
:1057600042F8012000220323CDE901200093039099
:10577000134603221221100700F035F80120002201
:105780000323CDE9012000930390134604220F2147
:105790004FF0605000F027F800200323CDE90030DF
:1057A000029003460522192103904FF0C04000F0FB
:1057B0001AF8012000220323CDE901200093039071
:1057C000134606221921500700F00DF8002003238C
:1057D000CDE900300290012307221B210390C80766
:1057E00000F001F81FBD2DE9FF5F04460D46164687
:1057F0001F46DDE910ABDDE90E89FAF7A3FE0120B3
:105800008DF80000F0B28DF801000194E8B28DF837
:10581000080000208DF809008DF80A008DF80B8033
:105820008DF80C708DF80D908DF80EA08DF80FB0DE
:105830006846FAF78CFE0420FAF78EFE002004B0CA
:10584000BDE8F09F014608687047000030B595B08C
:10585000054613AB12AA09A9284600F03FFA0446F0
:1058600014B1204615B030BD0020149026E0224926
:1058700009689DF8502001EBC20113AB11AA4868DA
:1058800001A900F02BFA04460CB12046EAE709A969
:1058900001A800F0AFFC60B99DF844009DF84810E5
:1058A000884201DD0220DDE79DF85000124988752D
:1058B0000AE09DF85000401CC0B214900E48007DD4
:1058C0009DF850108842D2DC00BF0B48007D9DF847
:1058D0005010884201D10420C4E714A9284600F0E2
:1058E000DDFA04460CB12046BCE79DF850000249A1
:1058F00048750020B6E70000800000242DE9F04143
:105900009AB09C48847D007DA04202DC1AB0BDE8BC
:10591000F0819849096801EBC40106AB07AA486801
:1059200008A900F0DBF908A993A0FAF77BFB002691
:1059300044E09048008B0121B1400840D8B12221B9
:105940008FA0FAF76FFB304600F042FB8949243103
:10595000471839468BA0FAF765FB222188A0FAF791
:1059600061FB304600F034FB82492431084410A921
:1059700041F8260018E0304600F02AFB7D4924312A
:10598000085810A941F826007A48C07D30B910A8FF
:1059900050F826107CA0FAF745FB05E010A850F857
:1059A00026107AA0FAF73EFB9DF81C00401EB0427C
:1059B00002D078A0FAF736FB701CC6B29DF81C0026
:1059C0008642B6DB74A0FAF72DFB01F007F86948B0
:1059D000407D0B280DD2DFE800F0060D151E2732A2
:1059E0003F4E5F7287006349096851F83400804771
:1059F000054690E05F4A126852F8341010988847C4
:105A0000054688E05B4B1B6853F83420DDE9100144
:105A1000904705467FE0574F3F6857F8343010A84D
:105A200007C89847054676E0DFF848C1DCF800C0B3
:105A30005CF8347010A80FC8B84705466BE014989E
:105A4000DFF830C10090DCF800C05CF8347010A8BA
:105A50000FC8B84705465EE0DDE91401DFF814C160
:105A6000CDE90001DCF800C05CF8347010A80FC864
:105A7000B84705464FE0DDE914121698DFF8F4C088
:105A8000CDE900120290DCF800C05CF8347010A878
:105A90000FC8B84705463EE0DDE91423DDE91610DE
:105AA000DFF8D0C0CDE90023CDE90210DCF800C05A
:105AB0005CF8347010A80FC8B84705462BE0DDE944
:105AC0001523DDE91710CDE90123CDE90310149862
:105AD000DFF8A0C00090DCF800C05CF8347010A8BB
:105AE0000FC8B847054616E0DDE91623DDE91810B2
:105AF000CDE90223CDE90410DDE91401DFF874C01B
:105B0000CDE90001DCF800C05CF8347010A80FC8C3
:105B1000B847054600BF00BF00F00EFF9DF8180013
:105B200001280CD11348C07D20B929461BA0FAF7E3
:105B300079FA07E029461BA0FAF774FA02E018A0E8
:105B4000FAF770FA0B4890F8EC0088B10948D0F8E1
:105B5000F0000A21B0FBF1F201FB12070548D0F872
:105B6000F000B0FBF1F83A46414611A0FAF75AFAB4
:105B700000BFCBE6800000240D0A2573280000003A
:105B80002563000025730000256C640030582558FB
:105B9000000000002C000000290000003D256C756D
:105BA0003B0D0A003D305825583B0D0A000000000F
:105BB00046756E6374696F6E2052756E2054696D00
:105BC000653A25642E2531646D730D0A00000000CE
:105BD000F0B50346154600200022002600245BE0B5
:105BE0001F782C2F01D104B901221F78292F01D051
:105BF0001F780FB904B950E0002E3AD11F78302F2A
:105C000002DB1F78392F17DD1F782D2F14D01F7856
:105C10002B2F11D01F78612F02DB1F78662F0BDD31
:105C20001F78412F02DB1F78462F05DD1F78582F84
:105C300002D01F78782F0CD102B12EE01F78612F8F
:105C400003DB1F78203F0F7001E01F780F70491CA5
:105C50001FE01F78222F04D102B11EE0012601248B
:105C600017E01F78202F14D01F782C2F11D0FF267B
:105C700013E01F78222F00D1002402B10DE044B1BF
:105C80001F785C2F02D15B1C471CF8B21F780F7085
:105C9000491C471CF8B25B1CA2E700BF00270F702D
:105CA0002E70F0BD10B50446002010700BE0207877
:105CB0000870641C491C1078401C107010789842C1
:105CC00001DB012010BD2078202802D02078002898
:105CD000EDD10020087000BFF4E700002DE9FF4F70
:105CE00085B080468946002700200490039001205B
:105CF00002904FF0000B002544461DE0207820283C
:105D000016D005F07F00052812DA0DB945F08005A0
:105D100005F07F00042803D120782A2800D00EE067
:105D2000207805F07F010DF80100681CC5B202E083
:105D3000852D00D103E0641C20780028DED100BF4F
:105D40008DB1002005F07F010DF8010051A16846DA
:105D500000F050FA18B900210898017002E0012102
:105D60000898017000254FF0000A444614E0641CB6
:105D70000AF1010000F0FF0A2078202802D02078E4
:105D80002A2809D1204600F0A7F90646282E03D07C
:105D90002A2E01D0CDF810A02078282802D0207813
:105DA0000028E4D14446049810B10498401C0444EF
:105DB0004FF0000A002654E0207810B94FF0010A95
:105DC00050E02078282803D116B9781CC7B213E018
:105DD0002078292808D13EB917B1781EC7B201E052
:105DE0004FF0010A47B93DE02078222804D10EB9CE
:105DF000012000E00020064647B9207820282FD057
:105E0000207889F8000009F1010929E020782C2880
:105E100004D101200290681CC5B214E0207820282B
:105E200011D0207828280ED04DB9BBF1050F06DA25
:105E300020780DF80B000BF1010000F0FF0B029829
:105E4000401CC0B20290012F0AD10298022807D14B
:105E50000298401CC0B202900398401CC0B203904C
:105E6000641CA9E700BF0398012809D100200DF8A0
:105E70000B0008A1684600F0BDF908B900200390A6
:105E8000079903980870002089F80000504609B06F
:105E9000BDE8F08F766F6964000000002DE9F043E3
:105EA000B5B005460F460024002604E000213D4819
:105EB0008155701CC6B20A2EF8DB06E06D1C2878EE
:105EC00018B9012035B0BDE8F08328782828F5D12D
:105ED0006D1C61E034AA69462846FFF779FE064644
:105EE00035449DF8D00020B1012827D0FF284CD19F
:105EF00049E09DF8000000B333A9684600F0F7F8C8
:105F000006460EB10220DDE7204600F061F8254983
:105F10000A31339A0A50A1F12400008B0121A140DB
:105F2000884320491A39088304211E480155601C02
:105F3000C4B20A2C01DD0320C4E726E0684600F065
:105F400075F9401C00F0FF08204600F041F81549A3
:105F50000A3100EB01094946684600F05CF9114836
:105F60001A38018B0120A040014388B20D491A392B
:105F700008830C4800F80480601CC4B20A2C01DDC0
:105F800003209FE701E002209CE700BF2878292832
:105F900001D0287800B900E09CE700BF3C700020E9
:105FA00090E700009A0000240020074A128802F4BB
:105FB00000423AB1044A11780022044B5A54184660
:105FC000014B1A8070470000100000247401002467
:105FD00002460020002105E0044B5B5C0344D8B27C
:105FE0004B1CD9B29142F7DB704700009A000024A5
:105FF00010B5044604EBC40000EB04100122C2EB10
:10600000800081B24FF47A7000F0B8FC01200149A1
:10601000C87510BD8000002410B50246012000E0C4
:1060200050430B1EA1F10104E1B2F9D110BD0000F3
:1060300070B50026FFF7B8FF064606B970BD1748D1
:1060400081683046884704461CB91449C8688047AF
:1060500021E0304600F0F6F80546012D00D02C4630
:10606000CCB1012C06D0022C08D0032C0AD0042C71
:1060700010D10BE00AA0F9F7D5FF0BE00BA0F9F760
:10608000D1FF07E00CA0F9F7CDFF03E00DA0F9F771
:10609000C9FF00BF00BF00BFD0E7000080000024A0
:1060A000BAAFCAFDB4EDCEF3210D0A00B2CECAFDDF
:1060B000B4EDCEF3210D0A00B2CECAFDCCABB6E0F2
:1060C000210D0A00CEB4D5D2B5BDC6A5C5E4B5C470
:1060D000BAAFCAFD210D0A000146491C00E0491C67
:1060E0000878202801D10029F9D1087870472DE9D6
:1060F000F04F05460F4600264FF00A09B3462C46DE
:106100000020386034E02078392802DC20783028FC
:1061100011DA28782D2802D028782B2800D156B102
:106120002078462802DC2078412804DA2078582894
:1061300017D1012E15D12078412801DB4FF010092D
:1061400028782D2803D14FF0020B6D1C0FE0287822
:106150002B2803D14FF0010B6D1C08E0701CC6B258
:1061600005E0207800B904E00120BDE8F08F641C50
:10617000C9E700BF2C46B9F1100F0FD1032E01DA89
:106180000220F2E72078302806D16078582803D121
:10619000A41CB01EC6B204E00320E6E70EB904203A
:1061A000E3E71BE00EB1701EC6B22078392806DC8A
:1061B0002078302803DB2078A0F1300A02E0207834
:1061C000A0F1370A31464846FFF726FF39680AFB37
:1061D00000103860641C207800B900E0E2E700BFDE
:1061E000BBF1020F04D13868C0F10008C7F8008085
:1061F0000020BAE702460AE010780B78984201D0F6
:1062000001207047107800B902E0521C491CF3E7E6
:1062100000BF0020F5E706E002780A70027802B9B4
:1062200002E0401C491CF7E700BF70470146002010
:1062300005E00A7802B903E0421CD0B2491CF8E735
:1062400000BF704710B58CB004461E230BAA03A9EB
:106250002046FFF727FD0090009810B101200CB0F8
:1062600010BD9DF82C00044400200B900EE0404827
:106270009DF82C2050F8221003A8FFF7BBFF00B9AF
:1062800008E09DF82C00401CC0B20B909DF82C003B
:106290000728ECD300BF9DF82C00072863D2DFE865
:1062A00000F004053C5E6564630000BF31A0F9F7AF
:1062B000B9FE31A0F9F7B6FE3FA0F9F7B3FE4EA044
:1062C000F9F7B0FE5CA0F9F7ADFE6BA0F9F7AAFEF6
:1062D00079A0F9F7A7FE87A0F9F7A4FE8CA0F9F73B
:1062E000A1FE94A0F9F79EFE98A0F9F79BFE9DA051
:1062F000F9F798FEA2A0F9F795FEA8A0F9F792FE8B
:10630000B4A0F9F78FFEC1A0F9F78CFECCA0F9F785
:1063100089FED8A0F9F786FEA2E216A0F9F782FE60
:10632000E4A0F9F77FFE00200B900EE0F148006832
:106330009DF82C2000EBC2004168EFA0F9F772FE37
:106340009DF82C00401CC0B20B90EA48007D9DF8DF
:106350002C108842EADC07A0F9F764FE80E205A071
:10636000F9F760FECCE179E24DE221E2F4E10000D0
:106370002C0000240D0A00002D2D2D2D2D2D2D2D4E
:106380002D2D2D2D2D2D2D2D2D2D2D2D2D2D2D2D3D
:1063900055534D4152542056332E352D2D2D2D2D34
:1063A0002D2D2D2D2D2D2D2D2D2D2D2D2D2D2D2D1D
:1063B0002D2D2D200D0A00002020202055534D4169
:1063C0005254CAC7D3C9414C49454E54454BBFAA44
:1063D000B7A2B5C4D2BBB8F6C1E9C7C9B5C4B4AE9B
:1063E000BFDAB5F7CAD4BBA5BDBBD7E9BCFE2CCD7F
:1063F000A8B9FD200D0A0000CBFC2CC4E3BFC9D214
:10640000D4CDA8B9FDB4AEBFDAD6FACAD6B5F7D3A3
:10641000C3B3CCD0F2C0EFC3E6B5C4C8CEBACEBACF
:10642000AFCAFD2CB2A2D6B4D0D02ED2F2B4CB2CAF
:10643000C4E3BFC90D0A0000D2D4CBE6D2E2B8FC57
:10644000B8C4BAAFCAFDB5C4CAE4C8EBB2CECAFD7F
:1064500028D6A7B3D6CAFDD7D62831302F3136BDBE
:10646000F8D6C62CD6A7B3D6B8BACAFD29A1A2D7EA
:10647000D6B7FBB4AE0D0A00A1A2BAAFCAFDC8EBF5
:10648000BFDAB5D8D6B7B5C8D7F7CEAAB2CECAFD4F
:10649000292CB5A5B8F6BAAFCAFDD7EEB6E0D6A797
:1064A000B3D63130B8F6CAE4C8EBB2CECAFD2CB2CE
:1064B000A2D6A7B3D60D0A00BAAFCAFDB7B5BBD8EE
:1064C000D6B5CFD4CABE2ED6A7B3D6B2CECAFDCFCC
:1064D000D4CABEBDF8D6C6C9E8D6C3B9A6C4DC2C9A
:1064E000D6A7B3D6BDF8D6C6D7AABBBBB9A6C4DC5F
:1064F0002E0D0A00BCBCCAF5D6A7B3D63A7777777B
:106500002E6F70656E6564762E636F6D0D0A0000E8
:1065100055534D415254D3D037B8F6CFB5CDB3C350
:10652000FCC1EE28B1D8D0EBD0A1D0B4293A0D0AE5
:10653000000000003F3A202020202020BBF1C8A10D
:10654000B0EFD6FAD0C5CFA20D0A000068656C7016
:106550003A202020BBF1C8A1B0EFD6FAD0C5CFA217
:106560000D0A00006C6973743A202020BFC9D3C3A0
:10657000B5C4BAAFCAFDC1D0B1ED0D0A0A00000022
:1065800069643A2020202020BFC9D3C3BAAFCAFD16
:10659000B5C44944C1D0B1ED0D0A0A006865783A26
:1065A00020202020B2CECAFD3136BDF8D6C6CFD4C9
:1065B000CABE2CBAF3B8FABFD5B8F12BCAFDD7D6EC
:1065C000BCB4D6B4D0D0BDF8D6C6D7AABBBB0D0AD2
:1065D0000A0000006465633A20202020B2CECAFD84
:1065E0003130BDF8D6C6CFD4CABE2CBAF3B8FABF84
:1065F000D5B8F12BCAFDD7D6BCB4D6B4D0D0BDF82F
:10660000D6C6D7AABBBB0D0A0A00000072756E740D
:10661000696D653A312CBFAAC6F4BAAFCAFDD4CBB6
:10662000D0D0BCC6CAB13B302CB9D8B1D5BAAFCAEC
:10663000FDD4CBD0D0BCC6CAB13B0D0A0A000000C5
:10664000C7EBB0B4D5D5B3CCD0F2B1E0D0B4B8F18B
:10665000CABDCAE4C8EBBAAFCAFDC3FBBCB0B2CE78
:10666000CAFDB2A2D2D4BBD8B3B5BCFCBDE1CAF856
:106670002E0D0A002D2D2D2D2D2D2D2D2D2D2D2DB9
:106680002D2D2D2D2D2D2D2D2D2D2D2D2D2DD5FDC2
:10669000B5E3D4ADD7D32D2D2D2D2D2D2D2D2D2D75
:1066A0002D2D2D2D2D2D2D2D2D2D2D2D2D2D2D2027
:1066B0000D0A00002D2D2D2D2D2D2D2D2D2D2D2DA7
:1066C0002D2D2D2D2D2D2D2D2D2D2D2D2DBAAFCA4E
:1066D000FDC7E5B5A52D2D2D2D2D2D2D2D2D2D2DC8
:1066E0002D2D2D2D2D2D2D2D2D2D2D2D2D2D2D2DDA
:1066F000200D0A008000002425730D0A0000000010
:1067000059A0F9F78FFC00200B901AE06649096840
:106710009DF82C2001EBC20101AB02AA486803A935
:10672000FFF7DCFA604800689DF82C1050F8312023
:1067300003A95EA0F9F776FC9DF82C00401CC0B2BE
:106740000B905948007D9DF82C108842DEDCAFF29A
:10675000DC30F9F767FC83E0AFF2E830F9F762FC70
:106760000BAA03A92046FFF733FA9DF82C00C8B9FD
:10677000694603A8FFF7BBFC0B909DF82C0020B9DD
:106780004FA00099F9F74EFC0EE09DF82C0004286C
:1067900001D0022063E54DA0F9F744FC01204249F5
:1067A000C87501E002205AE547A0F9F73BFC57E025
:1067B00045A0F9F737FC0BAA03A92046FFF708FA12
:1067C0009DF82C00C8B9694603A8FFF790FC0B9010
:1067D0009DF82C0020B942A00099F9F723FC0EE0A7
:1067E0009DF82C00042801D0022038E53FA0F9F7DD
:1067F00019FC00202C49C87501E002202FE532A0C9
:10680000F9F710FC2CE030A0F9F70CFC0BAA03A957
:106810002046FFF7DDF99DF82C00C8B9694603A8AA
:10682000FFF765FC0B909DF82C0078B91E49009885
:1068300081F8EC00084690F8EC0018B130A0F9F7A8
:10684000F1FB07E035A0F9F7EDFB03E0022006E5D8
:10685000022004E51CA0F9F7E5FB01E00120FEE4BD
:1068600000BF0020FBE400002D2D2D2D2D2D2D2D02
:106870002D2D2D2D2D2D2D2D2D2D2D2D2D2D2D2D48
:106880002DBAAFCAFD204944202D2D2D2D2D2D2DA3
:106890002D2D2D2D2D2D2D2D2D2D2D2D2D2D2D2D28
:1068A0002D2D2D2D200D0A00800000242573206938
:1068B000642069733A0D0A3058253038580D0A00A3
:1068C0004845583A305825580D0A00003136BDF871
:1068D000D6C6B2CECAFDCFD4CABE210D0A00000072
:1068E0004445433A256C750D0A0000003130BDF86F
:1068F000D6C6B2CECAFDCFD4CABE210D0A00000052
:1069000052756E2054696D652043616C63756C61CE
:1069100074696F6E204F4E0D0A00000052756E2094
:1069200054696D652043616C63756C6174696F6E49
:10693000204F46460D0A00000E480068006900F02E
:10694000010040B10C48D0F8F0004FF6FF71084448
:106950000949C1F8F0000848D0F8F0000549096875
:10696000496A08440449C1F8F0000846D0F8F0002C
:1069700070470000781300248000002438B50446D6
:106980000D4600BF00BF1248006840F004001049E7
:1069900008600846006800F00400009000BF00BFD7
:1069A00000BF0C480C490860084645600021816022
:1069B000C4600161F9F70CFF0748F9F741FF0322B2
:1069C00011461E20F9F7CDFD1E20F9F7CFFD38BD89
:1069D000E844025800080040781300246FF00100DA
:1069E00009490968086100BF000C07490968C862C5
:1069F00001460548C16000BF00200349096848629C
:106A00000249C1F8F0007047781300248000002488
:106A100001607047010002000400060008000A003F
:106A20000C00100020004000800000010000000069
:106A30000000000000000000000000003F400000D7
:106A40000000000000003000400030004000000066
:106A500009000BC03D000BC03D00090018C02440D8
:106A60007FE0224031800000180024C01B000D8010
:106A70003240018003801C4027401C8007400040BA
:106A80001000600000000000000000000000000096
:106A900000001F80204040200000402020401F8038
:106AA00000000000090006001F8006000900000029
:106AB000040004003F800400040000000010006097
:106AC00000000000000000000400040004000400B6
:106AD0000400000000000040000000000000000072
:106AE000002001C006003800400000001F80204048
:106AF000204020401F800000000010403FC00040A8
:106B00000000000018C0214022402440184000002E
:106B100010802040244024401B80000002000D0013
:106B200011003FC0014000003C802440244024402C
:106B3000238000001F802440244034400380000054
:106B40003000200027C03800200000001B802440B7
:106B5000244024401B8000001C0022C02240224010
:106B60001F8000000000000008400000000000003E
:106B700000000000046000000000000000000400AD
:106B80000A001100208040400900090009000900A6
:106B90000900000000004040208011000A000400AD
:106BA0001800200023402400180000001F8020400F
:106BB000274029401F400000004007C039000F0057
:106BC00001C0004020403FC0244024401B80000002
:106BD0001F802040204020403080000020403FC0E7
:106BE000204020401F80000020403FC024402E4015
:106BF00030C0000020403FC024402E003000000084
:106C00000F001080204022403380020020403FC00F
:106C1000040004003FC02040204020403FC02040EE
:106C2000204000000060202020203FC020002000E5
:106C300020403FC024400B0030C0204020403FC0D7
:106C400020400040004000C03FC03C0003C03C006A
:106C50003FC0000020403FC00C4023003FC0200048
:106C60001F802040204020401F80000020403FC067
:106C700024402400180000001F802140214020E013
:106C80001FA0000020403FC02440260019C0004043
:106C900018C02440244022403180000030002040B1
:106CA0003FC020403000000020003F8000400040F6
:106CB0003F80200020003E0001C007003800200077
:106CC000380007C03C0007C038000000204039C031
:106CD000060039C0204000002000384007C038407E
:106CE00020000000304021C02640384020C0000075
:106CF000000000007FE04020402000000000700005
:106D00000C000380004000000000402040207FE095
:106D100000000000000020004000200000000000F3
:106D20000010001000100010001000100000000003
:106D30004000000000000000000002800540054007
:106D400003C0004020003FC0044004400380000016
:106D5000000003800440044006400000000003805F
:106D6000044024403FC0004000000380054005402F
:106D700003400000000004401FC0244024402000C5
:106D8000000002E0055005500650042020403FC09E
:106D90000440040003C000400000044027C000403D
:106DA0000000000000100010041027E000000000A8
:106DB00020403FC00140070004C004402040204064
:106DC0003FC000400040000007C0040007C00400AE
:106DD00003C00000044007C00440040003C000409A
:106DE000000003800440044003800000041007F00A
:106DF000045004400380000000000380044004505D
:106E000007F00010044007C0024004000400000026
:106E1000000006400540054004C0000000000400DA
:106E20001F80044000400000040007800040044030
:106E300007C000400400070004C0018006000400F1
:106E4000060001C0070001C006000000044006C0A3
:106E5000010006C0044000000410071004E0018097
:106E6000060004000000044005C006400440000085
:106E70000000000004007BE0402000000000000053
:106E80000000FFF000000000000040207BE0040054
:106E90000000000040008000400020002000400072
:106EA00000000000000000000000000000000000E2
:106EB0000000000000001FCC000C000000000000DB
:106EC0000000080030006000080030006000000092
:106ED000022003FC1E20022003FC1E2002200000D2
:106EE00000000E1811043FFF10840C780000000011
:106EF0000F0010840F3800C0077818840078000055
:106F000000780F8410C411240E9800E40084000857
:106F10000800680070000000000000000000000091
:106F200000000000000007E01818200440020000E4
:106F3000000040022004181807E0000000000000D4
:106F40000240024001800FF0018002400240000038
:106F50000080008000800FF800800080008000002A
:106F60000001000D000E0000000000000000000005
:106F70000000008000800080008000800080008091
:106F80000000000C000C00000000000000000000E9
:106F900000000006001800600180060018002000B4
:106FA000000007F0080810041004080807F00000AB
:106FB0000000080408041FFC000400040000000096
:106FC00000000E0C10141024104411840E0C00004C
:106FD00000000C1810041104110412880C70000039
:106FE000000000E00320042408241FFC002400000B
:106FF00000001F9810841104110410881070000004
:10700000000007F0088811041104188800700000BF
:1070100000001C00100010FC13001C0010000000F9
:1070200000000E3811441084108411440E38000002
:1070300000000700088C10441044088807F0000086
:10704000000000000000030C030C00000000000022
:107050000000000000010106000000000000000028
:107060000000008001400220041008081004000005
:107070000220022002200220022002200220000022
:1070800000001004080804100220014000800000E5
:1070900000000E001200100C106C10800F00000099
:1070A00003E00C1813E4142417C4082807D00000C8
:1070B0000004003C03C41C40074000E4001C000422
:1070C00010041FFC1104110411040E88007000004C
:1070D00003E00C1810041004100410081C10000029
:1070E00010041FFC100410041004080807F000002E
:1070F00010041FFC1104110417C410040818000028
:1071000010041FFC1104110017C01000080000003B
:1071100003E00C181004100410441C780040000018
:1071200010041FFC10840080008010841FFC1004D9
:107130000000100410041FFC1004100400000000E4
:1071400000030001100110011FFE100010000000DC
:1071500010041FFC110403801464181C10040000A8
:1071600010041FFC1004000400040004000C0000C4
:1071700010041FFC1F0000FC1F001FFC1004000077
:1071800010041FFC0C04030000E010181FFC10008A
:1071900007F00808100410041004080807F00000A5
:1071A00010041FFC10841080108010800F0000005D
:1071B00007F0081810241024101C080A07F2000019
:1071C00010041FFC1104110011C011300E0C00043A
:1071D00000000E1C11041084108410441C380000A0
:1071E0001800100010041FFC10041000180000000C
:1071F00010001FF810040004000410041FF8100011
:1072000010001E0011E0001C007013801C00100014
:107210001FC0103C00E01F0000E0103C1FC0000039
:107220001004180C163401C001C01634180C1004D8
:1072300010001C00130400FC13041C0010000000CC
:107240000804101C1064108413041C04101800009F
:107250000000000000007FFE4002400240020000EB
:10726000000030000C0003800060001C00030000E0
:1072700000004002400240027FFE000000000000CB
:1072800000000000200040004000400020000000FE
:1072900000010001000100010001000100010001E6
:1072A000000040004000200000000000000000003E
:1072B00000000098012401440144014400FC000442
:1072C00010001FFC00880104010400880070000009
:1072D000000000700088010401040104008800001F
:1072E0000000007000880104010411081FFC000464
:1072F000000000F8014401440144014400C80000BA
:107300000000010401040FFC110411041100180015
:10731000000000D601290129012901C90106000048
:1073200010041FFC008401000100010400FC0004A3
:1073300000000104190419FC00040004000000000E
:107340000000000300010101190119FE0000000006
:1073500010041FFC0024004001B4010C01040000D3
:107360000000100410041FFC0004000400000000D2
:10737000010401FC0104010001FC0104010000FC06
:10738000010401FC008401000100010400FC000470
:10739000000000F8010401040104010400F80000E9
:1073A000010101FF00850104010400880070000054
:1073B00000000070008801040104010501FF0001C4
:1073C0000104010401FC00840104010001800000AB
:1073D000000000CC012401240124012401980000B4
:1073E00000000100010007F8010401040000000092
:1073F000010001F8000400040004010801FC00047D
:10740000010001800170000C00100160018001008A
:1074100001F0010C003001C00030010C01F001004E
:1074200000000104018C00740170018C0104000053
:10743000010101810171000E00180160018001004D
:1074400000000184010C013401440184010C00009E
:10745000000000000000000001003EFC400240026D
:107460000000000000000000FFFF0000000000001E
:107470000000400240023EFC01000000000000004D
:1074800000006000800080004000400020002000DC
:1074900000000000000000000000000000000000EC
:1074A00000000000000000000000000000000000DC
:1074B00000000000000000000000000000000000CC
:1074C0000000000F80380FFE380F803800000000E9
:1074D00000000000000000000000000000000100AB
:1074E000000600000C00003800003100000600001B
:1074F0000C00003800003000000000000000000018
:1075000061800067F807F980006180006180006198
:10751000800061800067F807F9800061800000004A
:1075200000000000000001C0E003E0F006300804A5
:1075300018081FFFFE040E080787F00381E0000013
:107540000000000001F000060C00040408060C70A6
:1075500001F9C0000E00003BE000EC180708080429
:107560000C180003E00000000001E00007F003F841
:1075700018041C0804170807E1D003C0E00023B07A
:10758000003C08002008000010000000000000017E
:1075900000003100003200001C000000000000006C
:1075A00000000000000000000000000000000000DB
:1075B00000000000000000000000000000000000CB
:1075C0007F0001FFC00780F00C00181000042000AD
:1075D000020000000000002000021000040C00184F
:1075E0000780F001FFC0007F0000000000000000E5
:1075F00000000000000000000000000042000066E3
:1076000000006600003C0000180003FFC0001800E6
:10761000003C000066000066000042000000000020
:10762000080000080000080000080000080001FF32
:10763000C000080000080000080000080000080062
:1076400000000000000100003100003200001C00BA
:10765000000000000000000000000000000000002A
:107660000000000000000000080000080000080002
:1076700000080000080000080000080000080000E2
:1076800008000008000000000000000000000000EA
:107690003800003800003800000000000000000042
:1076A00000000000000000000000000000000000DA
:1076B000000600001C000070000180000E00003871
:1076C0000000C0000700001C0000300000000000A7
:1076D000000000007F8001FFE003807006001804B6
:1076E000000804000806001803807001FFE0007F16
:1076F00080000000000000000000010008010008F8
:1077000001000803FFF807FFF80000080000080068
:10771000000800000000000000000001C03802C0A6
:1077200058040098040118040218040418061C18D0
:1077300003F81801E0F8000000000000000000015C
:10774000C0E003C0F0040008040808040808061894
:107750000803F41801E7F00001E000000000000059
:10776000000000000300000D000011000061000097
:10777000810803010807FFF80FFFF8000108000166
:10778000080000000000000000E007FCD006080828
:10779000061008061008061008061838060FF0062E
:1077A00007C0000000000000000000003F8001FF53
:1077B000E0038430020818041008041008041008BC
:1077C000071810030FF00007C000000000000000C1
:1077D000000003C0000700000600000600F80607CE
:1077E000F806180006E00007000006000000000090
:1077F00000000001E1E003F7F0063410041808046B
:107800001808040C08040C0806161803F3F001C14C
:10781000E000000000000000F80003FC3003063820
:107820000402080402080402080404100308F0011A
:10783000FFC0007F0000000000000000000000000A
:107840000000000000000000703800703800703840
:107850000000000000000000000000000000000028
:10786000000000000000000000000000301A00309E
:107870001C000000000000000000000000000000EC
:1078800000000000000000080000140000220000BA
:107890004100008080010040020020040010080028
:1078A000080000000000000021000021000021006D
:1078B0000021000021000021000021000021000023
:1078C000210000210000000000000000000008006E
:1078D00008040010020020010040008080004100E8
:1078E0000022000014000008000000000000000357
:1078F000C00004C000040000080038080F38080861
:10790000380810000C300007E00003C00000000041
:10791000000000003F8000FFE0038070020F1006AF
:10792000708804C088048308047F8802C090030123
:107930002000FE400000080000180001F8003E088A
:1079400001C20007020007E20000FE00001FC8009D
:1079500001F800003800000804000807FFF807FFDE
:10796000F8040808040808040808040808061808A9
:1079700003F41801E7F00001E0000000000000003F
:107980003F8001FFE003807002001804000804003B
:10799000080400080400100600200780C000000052
:1079A00004000807FFF807FFF804000804000804B3
:1079B000000804001802001003807001FFE0007F3F
:1079C0008000000004000807FFF807FFF80408081B
:1079D000040808040808040808043E08040008060F
:1079E000001801006000000004000807FFF807FF0E
:1079F000F8040808040800040800040800043E0015
:107A000006000006000001800000000000000000E9
:107A10003F8001FFE00380700600180400080402A4
:107A2000080402080203F00783F0000200000200CD
:107A300004000807FFF807FFF80408080008000022
:107A4000080000080000080004080807FFF807FF06
:107A5000F80400080000000000000400080400080A
:107A600004000807FFF807FFF804000804000804F2
:107A700000080000000000000000000000060000F8
:107A80000700000104000104000104000307FFFED9
:107A900007FFFC04000004000004000004000807C5
:107AA000FFF807FFF8040C08001800003E0004C7A8
:107AB000800503C80600F804003804001800000818
:107AC00004000807FFF807FFF8040008000008009A
:107AD000000800000800000800000800001800006E
:107AE0006000000004000807FFF807800807FC009A
:107AF000007FC00003F80007C00078000780080777
:107B0000FFF807FFF804000804000807FFF8070063
:107B10000803C00000E000003800001E000007005D
:107B20000001C00400F007FFF8040000000000009E
:107B30007F8001FFE0038070060018040008040045
:107B40000806001803003001FFE0007F80000000FD
:107B500004000807FFF807FFF80404080404000401
:107B60000400040400040400060C0003F80001F003
:107B700000000000000000007F8001FFE003807033
:107B80000600880400880400C806003C03003E018B
:107B9000FFE6007F8400000004000807FFF807FFED
:107BA000F8040808040800040C00040F00040BC0CB
:107BB0000610F003F03801E00800000800000001A2
:107BC000E0F803F030063010041808041808040C1C
:107BD00008040C080206180207F00781E000000004
:107BE00001800006000004000004000004000807F3
:107BF000FFF807FFF8040008040000040000060076
:107C00000001800004000007FFE007FFF0040018F7
:107C10000000080000080000080000080000080438
:107C2000001007FFE004000004000006000007E069
:107C30000007FE00041FE00001F80000380001E02A
:107C4000043E0007C0000600000400000400000716
:107C5000E00007FFC0041FF80007C007F80007FF97
:107C600080043FF80007C004F8000700000400008B
:107C700000000004000806001807C07805F1C800DD
:107C80003E00001F800463E80780F8060018040027
:107C90000800000004000006000007800007E0085C
:107CA000047C08001FF80007F800180804E0080723
:107CB00000000600000400000000000100080600AB
:107CC000380400F80403E8040F08047C0805F008F1
:107CD00007C0080700180400600000000000000052
:107CE00000000000000000000000003FFFFE200038
:107CF00002200002200002200002200002000000FA
:107D000000000000000008000007000000C00000A4
:107D100038000006000001C000003000000E000026
:107D2000010000000000000000002000022000020E
:107D30002000022000022000023FFFFE00000000A1
:107D40000000000000000000000000000000000033
:107D5000000800001000003000002000003000008B
:107D600010000008000000000000000000000100FA
:107D700000010000010000010000010000010000FE
:107D800001000001000001000001000001000001ED
:107D90000000000000000000002000002000001093
:107DA00000001000000000000000000000000000C3
:107DB000000000000000000000F00019F8001B188F
:107DC000002208002608002408002410003FF800C4
:107DD0001FF800000800001800000004000007FF62
:107DE000F80FFFF000181800100800200800200805
:107DF000003018001FF0000FC0000000000000005D
:107E000007C0001FF00018300020080020080020E4
:107E100008003C08001C100000600000000000008A
:107E20000000000007C0001FF00038180020080004
:107E3000200800200804101007FFF80FFFF00000D2
:107E4000100000000000000000000007C0001FF04C
:107E50000012300022180022080022080032080018
:107E60001E10000E20000000000000002000002076
:107E70000800200801FFF803FFF806200804200886
:107E8000042008072000030000000000000000009C
:107E9000000E000E6E001FF30031B10020B1002073
:107EA000B1003191001F13002E1E00200E00300083
:107EB00000000004000807FFF80FFFF8001008009A
:107EC0002000002000002008003FF8001FF80000FC
:107ED000080000000000000000000020080020084A
:107EE000002008063FF8063FF800000800000800E0
:107EF000000800000000000000000000000000007A
:107F000003000003002001002001002003063FFEC3
:107F1000063FFC000000000000000000000000041C
:107F2000000807FFF80FFFF8000188000300002F8A
:107F3000C00038F8002038002008000008000000C9
:107F40000000000000000400080400080400080706
:107F5000FFF80FFFF800000800000800000800000C
:107F600000000000002008003FF8003FF800100863
:107F7000002000003FF8003FF8001008002000003B
:107F80003FF8003FF8000008000000002008003F14
:107F9000F8003FF800100800100000200000200842
:107FA000003FF8001FF8000008000000000000007B
:107FB00007C0000FF0001830003008002008002033
:107FC00008003008001830000FF00007C000000063
:107FD000000000002001003FFF003FFF00101100E3
:107FE0002009002008002008003038001FF0000F92
:107FF000C00000000000000007C0001FF00038189B
:10800000002008002008002009001011001FFF00B8
:108010003FFF0000010000000020080020080020B1
:1080200008003FF8003FF80008080010080020088A
:1080300000200000300000300000000000000000C0
:108040000000000C78001E180033080023080021EF
:10805000080021880021980030F0003860000000FE
:1080600000000000200000200000200000FFF003BE
:10807000FFF8002008002008002008000030000061
:1080800000000000000000002000003FF0007FF82A
:10809000000018000008000008002010003FF80051
:1080A0007FF0000010000000000000002000003001
:1080B00000003C00003F800023F0000078000070CA
:1080C000002380003C000030000020000020000061
:1080D0003C00003FE00023F80000E0002700003EE5
:1080E00000003FE00021F80001E0003E0000200019
:1080F000000000002008002008003838003E68001A
:1081000027800003C8002CF8003838002018002011
:1081100008000000000000002000003003003C01C7
:10812000003F830023EC000070002380003C00002F
:1081300020000020000000000000000000000038C7
:10814000080020380020F80023E8002F88003E08AF
:108150000038080020180000700000000000000037
:1081600000000000000000000000000008000014F3
:10817000001FF7FC30000620000200000000000095
:1081800000000000000000000000000000000000EF
:108190000000FFFFFF0000000000000000000000E2
:1081A0000000000000000000000020000230000677
:1081B0001FF7FC0014000008000000000000000091
:1081C0000000000000000000000000180000600037
:1081D00000400000400000200000100000080000E7
:1081E0000400000400000C0000100000000000006B
:1081F000000000000000000000000000000000007F
:10820000000000000000000000000000000000006E
:10821000000000000000000000000000000000005E
:10822000000000000000000000000000000000004E
:10823000000000000000000000000000000000003E
:10824000000000000000000000000000000000002E
:10825000000000000000000000000000000000001E
:10826000000000000000000000000000000000000E
:1082700000000000000000000000000000000000FE
:108280000000000007F000C007FFE1E007F001E098
:10829000000000C00000000000000000000000001E
:1082A00000000000000000000000000000000000CE
:1082B00000000000000000000000000000000000BE
:1082C00000000000000000000000000000000000AE
:1082D000000000000000000000000000000000009E
:1082E000000000000000000000000000000000008E
:1082F000000000000020000001C000000780000016
:108300001F0000001E0000001C20000001C0000033
:10831000078000001F0000001E0000001C0000007D
:10832000000000000000000000000000000000004D
:10833000000000000000000000000000000000003D
:10834000000000000000000000000000000000002D
:10835000000000000000000000000000000000001D
:10836000000000000000000000000000000000000D
:1083700000180C0000180C0000180FE0001FFC0093
:1083800003F80C0000180C0000180C0000180C007A
:1083900000180C0000180FE0001FFC0003F80C0090
:1083A00000180C0000180C00000000000000000085
:1083B00000000000000000000000000000000000BD
:1083C00000000000000000000000000000000000AD
:1083D000000000000000000000000000000000009D
:1083E000000000000000000000000000000000008D
:1083F0000000000000000780007807C000FC064075
:10840000010E002003070020020380200FFFFFFC65
:108410000201C0200200E0600130704001F03F80A6
:1084200000F01F000000000000000000000000003D
:10843000000000000000000000000000000000003C
:10844000000000000000000000000000000000002C
:10845000000000000000000000000000000000001C
:1084600000000000000000000000000000FE00000E
:1084700001FF00000301800002008060030181C051
:1084800001FF070000FE18000000E0000003BF002D
:10849000000CFFC00071806001C1002003018060FA
:1084A0000000FFC000003F000000000000000000CE
:1084B00000000000000000000000000000000000BC
:1084C00000000000000000000000000000000000AC
:1084D000000000000000000000000000000000009C
:1084E00000000000000000000000000000001F006D
:1084F00000007FC000FCC0C001FF80600303E020DB
:108500000202782002061E2003FC074001F00380CF
:10851000000103C000011C600001E02000010020F8
:108520000001004000000180000000000000000089
:10853000000000000000000000000000000000003B
:10854000000000000000000000000000000000002B
:10855000000000000000000000000000000000001B
:10856000000000000000000000000000000000000B
:10857000002000001C6000001C4000001F80000064
:108580000F000000000000000000000000000000DC
:1085900000000000000000000000000000000000DB
:1085A00000000000000000000000000000000000CB
:1085B00000000000000000000000000000000000BB
:1085C00000000000000000000000000000000000AB
:1085D000000000000000000000000000000000009B
:1085E000000000000000000000000000000000008B
:1085F000000000000000000000000000000000007B
:1086000000000000000000000007F800003FFF002D
:10861000007807C001C000E003000030040000083B
:10862000080000041000000200000000000000002C
:10863000000000000000000000000000000000003A
:10864000000000000000000000000000000000002A
:10865000000000000000000000000000000000001A
:10866000000000000000000000000000000000000A
:10867000100000020800000404000008030000309D
:1086800001C000E0007807C0003FFF000007F800CD
:1086900000000000000000000000000000000000DA
:1086A00000000000000000000000000000000000CA
:1086B00000000000000000000000000000000000BA
:1086C00000000000000000000000000000000000AA
:1086D000000000000000000000000000000000009A
:1086E000000000000000000000000000000000008A
:1086F00000000000000C1800000E3800000E3800CA
:1087000000063000000360000061438000FFFF802E
:10871000006143000003600000063000000E3800D6
:10872000000E3800000C18000000000000000000DF
:108730000000000000000000000000000000000039
:108740000000000000000000000000000000000029
:108750000000000000000000000000000000000019
:108760000000000000000000000000000000000009
:108770000000000000008000000080000000800079
:10878000000080000000800000008000007FFF00EB
:1087900000008000000080000000800000008000D9
:1087A00000008000000080000000000000000000C9
:1087B00000000000000000000000000000000000B9
:1087C00000000000000000000000000000000000A9
:1087D0000000000000000000000000000000000099
:1087E0000000000000000000000000000000000089
:1087F00000000001000000E3000000E2000000FCB7
:1088000000000078000000000000000000000000F0
:108810000000000000000000000000000000000058
:108820000000000000000000000000000000000048
:108830000000000000000000000000000000000038
:108840000000000000000000000000000000000028
:108850000000000000000000000000000000000018
:108860000000000000000000000000000000000008
:1088700000008000000080000000800000008000F8
:1088800000008000000080000000800000008000E8
:1088900000008000000080000000800000008000D8
:1088A00000008000000080000000000000000000C8
:1088B00000000000000000000000000000000000B8
:1088C00000000000000000000000000000000000A8
:1088D0000000000000000000000000000000000098
:1088E0000000000000000000000000000000000088
:1088F00000000000000000C0000001E0000001E0F6
:10890000000000C0000000000000000000000000A7
:108910000000000000000000000000000000000057
:108920000000000000000000000000000000000047
:108930000000000000000000000000000000000037
:108940000000000000000000000000000000000027
:108950000000000000000000000000000000000017
:108960000000000000000000000000000000000007
:108970000000000C00000038000000E00000038050
:1089800000000E00000038000000E000000380003E
:10899000000E00000038000000E00000038000002E
:1089A0000E000000180000000000000000000000A1
:1089B00000000000000000000000000000000000B7
:1089C00000000000000000000000000000000000A7
:1089D0000000000000000000000000000000000097
:1089E0000000000000000000000000000000000087
:1089F00000000000000FF800007FFF0000F007807B
:108A0000018000C00300006002000020020000207E
:108A10000200002003000060018000C000E003802D
:108A2000007FFF00000FF8000000000000000000C1
:108A30000000000000000000000000000000000036
:108A40000000000000000000000000000000000026
:108A50000000000000000000000000000000000016
:108A60000000000000000000000000000000000006
:108A700000000000000000000080002000800020B6
:108A8000008000200080006001FFFFE003FFFFE0A6
:108A90000000006000000020000000200000002016
:108AA00000000000000000000000000000000000C6
:108AB00000000000000000000000000000000000B6
:108AC00000000000000000000000000000000000A6
:108AD0000000000000000000000000000000000096
:108AE0000000000000000000000000000000000086
:108AF00000000000007800E00098016001000260C2
:108B000002000460020008600200106002002060A1
:108B100002004060030080600183006001FE00E00D
:108B2000007C078000000000000000000000000042
:108B30000000000000000000000000000000000035
:108B40000000000000000000000000000000000025
:108B50000000000000000000000000000000000015
:108B60000000000000000000000000000000000005
:108B70000000000000F0078001F007C00100004085
:108B8000020000200201002002010020020100205A
:108B9000030380200186804001FCC0C000787F80F4
:108BA00000001E00000000000000000000000000A7
:108BB00000000000000000000000000000000000B5
:108BC00000000000000000000000000000000000A5
:108BD0000000000000000000000000000000000095
:108BE0000000000000000000000000000000000085
:108BF0000000080000003800000048000001880064
:108C000000060800000C0810003008100040081092
:108C100001FFFFF003FFFFF003FFFFF0000008106B
:108C20000000081000000810000000000000000014
:108C30000000000000000000000000000000000034
:108C40000000000000000000000000000000000024
:108C50000000000000000000000000000000000014
:108C60000000000000000000000000000000000004
:108C70000000000000000780001F864003E1002084
:108C8000030200200304002003040020030400204A
:108C90000304002003060040030301C00301FF801A
:108CA00003007E0000000000000000000000000043
:108CB00000000000000000000000000000000000B4
:108CC00000000000000000000000000000000000A4
:108CD0000000000000000000000000000000000094
:108CE0000000000000000000000000000000000084
:108CF000000000000007FC00003FFF000070C38080
:108D0000008180C0010100600302002002020020F7
:108D100002020020020200200203004001C180C0C4
:108D200000C0FF8000007E00000000000000000086
:108D30000000000000000000000000000000000033
:108D40000000000000000000000000000000000023
:108D50000000000000000000000000000000000013
:108D60000000000000000000000000000000000003
:108D70000000000000F0000003C0000003800000BD
:108D800003000000030007E003003FE00301C00010
:108D900003060000031800000360000003800000C9
:108DA00003000000000000000000000000000000C0
:108DB00000000000000000000000000000000000B3
:108DC00000000000000000000000000000000000A3
:108DD0000000000000000000000000000000000093
:108DE0000000000000000000000000000000000083
:108DF00000001F0000783F8000FC60C0018EC04072
:108E0000030780200203002002018020020180204D
:108E10000201C0200301E040018670C000FC3F80D9
:108E200000781F00000000000000000000000000AB
:108E30000000000000000000000000000000000032
:108E40000000000000000000000000000000000022
:108E50000000000000000000000000000000000012
:108E60000000000000000000000000000000000002
:108E7000003F000000FF81C001C0C1C001006020B0
:108E8000020020200200202002002020020020609A
:108E9000020040C00100C18000C18F00007FFE00C1
:108EA000001FF000000000000000000000000000B3
:108EB00000000000000000000000000000000000B2
:108EC00000000000000000000000000000000000A2
:108ED0000000000000000000000000000000000092
:108EE0000000000000000000000000000000000082
:108EF0000000000000000000000000000000000072
:108F000000000000000300C0000781E0000781E0CE
:108F1000000300C00000000000000000000000008E
:108F20000000000000000000000000000000000041
:108F30000000000000000000000000000000000031
:108F40000000000000000000000000000000000021
:108F50000000000000000000000000000000000011
:108F60000000000000000000000000000000000001
:108F700000000000000000000000000000000000F1
:108F800000000000000600660006007800000000F7
:108F900000000000000000000000000000000000D1
:108FA00000000000000000000000000000000000C1
:108FB00000000000000000000000000000000000B1
:108FC00000000000000000000000000000000000A1
:108FD0000000000000000000000000000000000091
:108FE0000000000000000000000000000000000081
:108FF00000000000000080000001C00000036000CD
:1090000000063000000C180000180C0000300600AC
:109010000060030000C00180010000400200002049
:10902000040000100000000000000000000000002C
:109030000000000000000000000000000000000030
:109040000000000000000000000000000000000020
:109050000000000000000000000000000000000010
:109060000000000000000000000000000000000000
:1090700000041000000410000004100000041000A0
:109080000004100000041000000410000004100090
:109090000004100000041000000410000004100080
:1090A0000004100000041000000000000000000098
:1090B00000000000000000000000000000000000B0
:1090C00000000000000000000000000000000000A0
:1090D0000000000000000000000000000000000090
:1090E0000000000000000000000000000000000080
:1090F00000000000040000100200002001000040F9
:1091000000C00180006003000030060000180C0061
:10911000000C180000063000000360000001C000D1
:1091200000008000000000000000000000000000BF
:10913000000000000000000000000000000000002F
:10914000000000000000000000000000000000001F
:10915000000000000000000000000000000000000F
:1091600000000000000000000000000000000000FF
:10917000000000000078000001F800000238000044
:1091800002000000040000C0040079E0040081E057
:10919000040100C0040300000202000003060000F6
:1091A00001FC000000F800000000000000000000CA
:1091B00000000000000000000000000000000000AF
:1091C000000000000000000000000000000000009F
:1091D000000000000000000000000000000000008F
:1091E000000000000000000000000000000000007F
:1091F000000FF800003FFE000070078000C000C0B4
:109200000101F8400307FC20021E04200230082060
:1092100002203020023FFC20013F044001800CC0AE
:1092200000E03180001FC2000000000000000000CC
:10923000000000000000000000000000000000002E
:10924000000000000000000000000000000000001E
:10925000000000000000000000000000000000000E
:1092600000000000000000000000000000000020DE
:1092700000000060000003E000003E200003E0204A
:10928000003E200003E020000380200007FC2000B7
:10929000003FE0000003FE2000003FE0000001E08E
:1092A000000000200000002000000000000000007E
:1092B00000000000000000000000000000000000AE
:1092C000000000000000000000000000000000009E
:1092D000000000000000000000000000000000008E
:1092E000000000000000000000000000000000007E
:1092F000020000200200002003FFFFE003FFFFE068
:1093000002010020020100200201002002010020D1
:1093100002010020030300200186806001FCC0C020
:1093200000F87F8000001F00000000000000000027
:10933000000000000000000000000000000000002D
:10934000000000000000000000000000000000001D
:10935000000000000000000000000000000000000D
:1093600000000000000000000000000000000000FD
:109370000007F800003FFF000070078000C000C039
:109380000100004003000020020000200200002035
:10939000020000200200002001000040018000C007
:1093A00003C0018000300600000000000000000043
:1093B00000000000000000000000000000000000AD
:1093C000000000000000000000000000000000009D
:1093D000000000000000000000000000000000008D
:1093E000000000000000000000000000000000007D
:1093F000020000200200002003FFFFE003FFFFE067
:1094000002000020020000200200002002000020D4
:109410000300006001000040018000C000F00780F0
:10942000007FFE00000FF8000000000000000000B8
:10943000000000000000000000000000000000002C
:10944000000000000000000000000000000000001C
:10945000000000000000000000000000000000000C
:1094600000000000000000000000000000000000FC
:10947000020000200200002003FFFFE003FFFFE0E6
:109480000201002002010020020100200201002050
:109490000201002002038020020FE0200300006090
:1094A00003C000E0006003000000000000000000B6
:1094B00000000000000000000000000000000000AC
:1094C000000000000000000000000000000000009C
:1094D000000000000000000000000000000000008C
:1094E000000000000000000000000000000000007C
:1094F000020000200200002003FFFFE003FFFFE066
:10950000020100200201002002010000020100000F
:10951000020100000201000002038000030FE000CE
:109520000300000003C00000006000000000000015
:10953000000000000000000000000000000000002B
:10954000000000000000000000000000000000001B
:10955000000000000000000000000000000000000B
:1095600000000000000000000000000000000000FB
:109570000007F800003FFE000070078001C001C036
:109580000100004003000020020000200200002033
:1095900002000020010020200100204003C03F8085
:1095A00000303F800000200000002000000000008C
:1095B00000000000000000000000000000000000AB
:1095C000000000000000000000000000000000009B
:1095D000000000000000000000000000000000008B
:1095E0000000000000000000000000000200002059
:1095F0000200002003FFFFE003FFFFE002008020E5
:109600000200802000008000000080000000800038
:10961000020080200200802003FFFFE003FFFFE044
:1096200002000020020000200000000000000000F6
:10963000000000000000000000000000000000002A
:10964000000000000000000000000000000000001A
:10965000000000000000000000000000000000000A
:1096600000000000000000000000000000000000FA
:1096700000000000000000000200002002000020A6
:10968000020000200200002003FFFFE003FFFFE0D4
:109690000200002002000020020000200200002042
:1096A00000000000000000000000000000000000BA
:1096B00000000000000000000000000000000000AA
:1096C000000000000000000000000000000000009A
:1096D000000000000000000000000000000000008A
:1096E000000000000000000000000000000000007A
:1096F0000000000E0000000F0000000F000000013D
:109700000200000102000001020000030200000646
:1097100003FFFFFC03FFFFF802000000020000004F
:109720000200000002000000000000000000000035
:109730000000000000000000000000000000000029
:109740000000000000000000000000000000000019
:109750000000000000000000000000000000000009
:1097600000000000000000000000000000000000F9
:10977000020000200200002003FFFFE003FFFFE0E3
:109780000200C0200201002000078000000FE0005E
:109790000030F80002603E2003800F20030003E049
:1097A000020000E002000020000000200000000095
:1097B00000000000000000000000000000000000A9
:1097C0000000000000000000000000000000000099
:1097D0000000000000000000000000000000000089
:1097E0000000000000000000000000000000000079
:1097F000020000200200002003FFFFE003FFFFE063
:1098000002000020020000200000002000000020D4
:109810000000002000000020000000200000006088
:10982000000000E000000300000000000000000055
:109830000000000000000000000000000000000028
:109840000000000000000000000000000000000018
:109850000000000000000000000000000000000008
:1098600000000000000000000000000002000020D6
:109870000200002003FFFFE003E0002003FF0020C0
:10988000001FF0000001FF8000000FE000001E003C
:109890000003E000003E002003E0002003FFFFE0A3
:1098A00003FFFFE002000020020000200000000093
:1098B00000000000000000000000000000000000A8
:1098C0000000000000000000000000000000000098
:1098D0000000000000000000000000000000000088
:1098E0000000000000000000000000000200002056
:1098F0000200002003FFFFE00380002003F00020AF
:1099000000FC0000001F00000007C0000001F00084
:1099100000007C0002001F80020007E003FFFFE060
:109920000200000002000000000000000000000033
:109930000000000000000000000000000000000027
:109940000000000000000000000000000000000017
:109950000000000000000000000000000000000007
:1099600000000000000000000000000000000000F7
:10997000000FF800003FFE0000F00780018000C0EB
:109980000100004002000020020000200200002030
:109990000200002001000040018000C000F00380B0
:1099A000003FFE00000FF800000000000000000073
:1099B00000000000000000000000000000000000A7
:1099C0000000000000000000000000000000000097
:1099D0000000000000000000000000000000000087
:1099E0000000000000000000000000000000000077
:1099F000020000200200002003FFFFE003FFFFE061
:109A0000020080200200802002008000020080000E
:109A1000020080000200800003018000018300003A
:109A200000FE0000007C00000000000000000000BC
:109A30000000000000000000000000000000000026
:109A40000000000000000000000000000000000016
:109A50000000000000000000000000000000000006
:109A600000000000000000000000000000000000F6
:109A7000000FF800007FFF0000F00380018001C0AC
:109A8000010006400200042002000420020006201B
:109A9000020003E0010000F80180005C00E0038C9C
:109AA000003FFF0C000FFC18000000000000000049
:109AB00000000000000000000000000000000000A6
:109AC0000000000000000000000000000000000096
:109AD0000000000000000000000000000000000086
:109AE0000000000000000000000000000000000076
:109AF000020000200200002003FFFFE003FFFFE060
:109B00000201002002010020020180000201E000A9
:109B10000201FC0003033F80018607E001FC00E036
:109B200000F80020000000200000000000000000FD
:109B30000000000000000000000000000000000025
:109B40000000000000000000000000000000000015
:109B50000000000000000000000000000000000005
:109B600000000000000000000000000000000000F5
:109B7000000000000078060000FE01E0018600C041
:109B80000303004002030020020180200201802024
:109B90000201C0200200C0200100E060018070C00E
:109BA00003E03F8000001F000000000000000000F4
:109BB00000000000000000000000000000000000A5
:109BC0000000000000000000000000000000000095
:109BD0000000000000000000000000000000000085
:109BE0000000000000000000000000000000000075
:109BF000006000000380000003000000020000007D
:109C0000020000200200002003FFFFE003FFFFE04E
:109C100002000020020000200200000002000000FC
:109C20000380000000E000000000000000000000D1
:109C30000000000000000000000000000000000024
:109C40000000000000000000000000000000000014
:109C50000000000000000000000000000000000004
:109C600000000000000000000000000002000000F2
:109C70000200000003FFFF0003FFFFC002000040DE
:109C80000200006000000020000000200000002012
:109C900000000020020000400200008003FFFF00DF
:109CA00002000000020000000000000000000000B0
:109CB00000000000000000000000000000000000A4
:109CC0000000000000000000000000000000000094
:109CD0000000000000000000000000000000000084
:109CE0000000000000000000000000000000000074
:109CF000020000000200000003C0000003FC00009E
:109D0000023FC0000003F80000007F80000007E071
:109D100000000780000078000203C000023C000041
:109D200003C000000200000002000000000000006C
:109D30000000000000000000000000000000000023
:109D40000000000000000000000000000000000013
:109D50000000000000000000000000000000000003
:109D600000000000000000000000000002000000F1
:109D700003C0000003FF8000023FFE0002007FE0FE
:109D800000000F000200F00003EF000003FF80005E
:109D9000020FFE0000003FE000001F000207E0008D
:109DA00003F80000030000000200000000000000B3
:109DB00000000000000000000000000000000000A3
:109DC0000000000000000000000000000000000093
:109DD0000000000000000000000000000000000083
:109DE0000000000000000000000000000000000073
:109DF0000200002002000020038000E003F00320A6
:109E000002FC0C20021F30000007C0000007F00019
:109E100002187C0002601F20038003E0020000E0C3
:109E200002000020000000200000000000000000F0
:109E30000000000000000000000000000000000022
:109E40000000000000000000000000000000000012
:109E50000000000000000000000000000000000002
:109E600000000000000000000000000000000000F2
:109E7000020000000300000003C0000003F800001F
:109E8000023E0020020FC0200001FFE000007FE042
:109E900000038020021C00200270000003800000EC
:109EA00002000000020000000000000000000000AE
:109EB00000000000000000000000000000000000A2
:109EC0000000000000000000000000000000000092
:109ED0000000000000000000000000000000000082
:109EE0000000000000000000000000000000000072
:109EF00000000020006000E0038003E003000FA0EA
:109F000002003E200200F8200203E020020F802021
:109F1000023E00200278002003E00060038000E0A1
:109F2000020003000000000000000000000000002C
:109F30000000000000000000000000000000000021
:109F40000000000000000000000000000000000011
:109F50000000000000000000000000000000000001
:109F600000000000000000000000000000000000F1
:109F700000000000000000000000000000000000E1
:109F8000000000001FFFFFFC100000041000000490
:109F90001000000410000004100000041000000471
:109FA000100000040000000000000000000000009D
:109FB00000000000000000000000000000000000A1
:109FC0000000000000000000000000000000000091
:109FD0000000000000000000000000000000000081
:109FE0000000000000000000000000000000000071
:109FF00000000000000000000700000003C0000097
:10A0000000780000001E00000003C0000000F00007
:10A0100000001E0000000780000000F00000003C6F
:10A02000000000060000000000000000000000002A
:10A030000000000000000000000000000000000020
:10A040000000000000000000000000000000000010
:10A050000000000000000000000000000000000000
:10A0600000000000000000000000000000000000F0
:10A0700000000000100000041000000410000004A4
:10A080001000000410000004100000041000000480
:10A090001FFFFFFC000000000000000000000000A7
:10A0A00000000000000000000000000000000000B0
:10A0B00000000000000000000000000000000000A0
:10A0C0000000000000000000000000000000000090
:10A0D0000000000000000000000000000000000080
:10A0E0000000000000000000000000000000000070
:10A0F000000000000000000000000000020000005E
:10A10000040000000800000018000000100000001B
:10A110001800000018000000040000000200000009
:10A12000000000000000000000000000000000002F
:10A13000000000000000000000000000000000001F
:10A14000000000000000000000000000000000000F
:10A1500000000000000000000000000000000000FF
:10A1600000000000000000000000000000000001EE
:10A1700000000001000000010000000100000001DB
:10A1800000000001000000010000000100000001CB
:10A1900000000001000000010000000100000001BB
:10A1A00000000001000000010000000100000000AC
:10A1B000000000000000000000000000000000009F
:10A1C000000000000000000000000000000000008F
:10A1D000000000000000000000000000000000007F
:10A1E000000000000000000000000000000000006F
:10A1F000000000000000000010000000100000003F
:10A20000100000001800000008000000040000001A
:10A21000000000000000000000000000000000003E
:10A22000000000000000000000000000000000002E
:10A23000000000000000000000000000000000001E
:10A24000000000000000000000000000000000000E
:10A2500000000000000000000000000000000000FE
:10A2600000000000000000000000000000000000EE
:10A270000000038000018FC000038C6000061820DE
:10A2800000041020000410200004202000042040BE
:10A29000000620400003FFC00001FFE00000002096
:10A2A00000000020000000C00000000000000000CE
:10A2B000000000000000000000000000000000009E
:10A2C000000000000000000000000000000000008E
:10A2D000000000000000000000000000000000007E
:10A2E000000000000000000000000000000000006E
:10A2F000020000000200000003FFFFE007FFFFC0B4
:10A30000000180C000020060000200200004002064
:10A31000000400200004002000060040000300C0EC
:10A320000001FF800000FE000000000000000000AF
:10A33000000000000000000000000000000000001D
:10A34000000000000000000000000000000000000D
:10A3500000000000000000000000000000000000FD
:10A3600000000000000000000000000000000000ED
:10A370000000000000007E000001FF80000381C09B
:10A38000000200400006002000040020000400201D
:10A3900000040020000600200003C0400001C0802F
:10A3A00000000300000000000000000000000000AA
:10A3B000000000000000000000000000000000009D
:10A3C000000000000000000000000000000000008D
:10A3D000000000000000000000000000000000007D
:10A3E000000000000000000000000000000000006D
:10A3F0000000000000007E000001FF80000380C01C
:10A40000000600600004002000040020000400207A
:10A41000020400400202008003FFFFE007FFFFC0CC
:10A4200000000040000000400000000000000000AC
:10A43000000000000000000000000000000000001C
:10A44000000000000000000000000000000000000C
:10A4500000000000000000000000000000000000FC
:10A4600000000000000000000000000000000000EC
:10A470000000000000007E000001FF80000311C00A
:10A48000000210400004106000041020000410209E
:10A490000004102000061020000310400001F0C04E
:10A4A000000071000000000000000000000000003B
:10A4B000000000000000000000000000000000009C
:10A4C000000000000000000000000000000000008C
:10A4D000000000000000000000000000000000007C
:10A4E000000000000000000000000000000000006C
:10A4F0000000000000040000000400200004002010
:10A5000000040020007FFFE001FFFFE001040020C5
:10A5100003040020020400200204002002040000C2
:10A520000200000001C0000001C0000000000000A7
:10A53000000000000000000000000000000000001B
:10A54000000000000000000000000000000000000B
:10A5500000000000000000000000000000000000FB
:10A5600000000000000000000000000000000000EB
:10A57000000000000000001C0000E33E0003FFC2DA
:10A5800000020CC3000404C1000404C1000404C19F
:10A59000000404C100060CC10003F8C30005F0620A
:10A5A0000006007E0006003C0000000000000000E5
:10A5B000000000000000000000000000000000009B
:10A5C000000000000000000000000000000000008B
:10A5D000000000000000000000000000000000007B
:10A5E000000000000000000000000000000000006B
:10A5F000020000200200002003FFFFE007FFFFE051
:10A6000000010020000200200006000000040000FD
:10A610000004000000040020000600200003FFE00A
:10A620000001FFE00000002000000020000000000A
:10A63000000000000000000000000000000000001A
:10A64000000000000000000000000000000000000A
:10A6500000000000000000000000000000000000FA
:10A6600000000000000000000000000000000000EA
:10A670000000000000000000000400200004002092
:10A6800000040020000400200387FFE0038FFFE0A8
:10A6900003800020000000200000002000000020B7
:10A6A00000000000000000000000000000000000AA
:10A6B000000000000000000000000000000000009A
:10A6C000000000000000000000000000000000008A
:10A6D000000000000000000000000000000000007A
:10A6E000000000000000000000000000000000006A
:10A6F000000000000000000000000006000000074D
:10A70000000000010000000100040001000400013D
:10A7100000040003000400060387FFFC038FFFF81A
:10A7200003800000000000000000000000000000A6
:10A730000000000000000000000000000000000019
:10A740000000000000000000000000000000000009
:10A7500000000000000000000000000000000000F9
:10A7600000000000000000000000000000000000E9
:10A77000020000200200002003FFFFE007FFFFE0CF
:10A780000000082000001020000030000000FC0045
:10A7900000058E00000707A0000601E0000400E0AD
:10A7A0000004002000000020000000000000000065
:10A7B0000000000000000000000000000000000099
:10A7C0000000000000000000000000000000000089
:10A7D0000000000000000000000000000000000079
:10A7E0000000000000000000000000000000000069
:10A7F0000000000000000000020000200200002015
:10A80000020000200200002003FFFFE007FFFFE03E
:10A8100000000020000000200000002000000020B8
:10A820000000000000000000000000000000000028
:10A830000000000000000000000000000000000018
:10A840000000000000000000000000000000000008
:10A8500000000000000000000000000000000000F8
:10A8600000000000000000000000000000000000E8
:10A87000000400200007FFE0000FFFE000020020BE
:10A8800000040000000400200007FFE00003FFE0D8
:10A890000002002000040000000400200007FFE088
:10A8A0000003FFE0000000200000000000000000A6
:10A8B0000000000000000000000000000000000098
:10A8C0000000000000000000000000000000000088
:10A8D0000000000000000000000000000000000078
:10A8E0000000000000000000000000000000000068
:10A8F00000040020000400200007FFE0000FFFE03C
:10A9000000010020000200200002000000040000FE
:10A910000004000000040020000600200003FFE007
:10A920000001FFE000000020000000200000000007
:10A930000000000000000000000000000000000017
:10A940000000000000000000000000000000000007
:10A9500000000000000000000000000000000000F7
:10A9600000000000000000000000000000000000E7
:10A970000000000000007E000000FF80000381C096
:10A980000002004000060020000400200004002017
:10A99000000400200006002000020040000381C0E7
:10A9A0000001FF8000007E000000000000000000A9
:10A9B0000000000000000000000000000000000097
:10A9C0000000000000000000000000000000000087
:10A9D0000000000000000000000000000000000077
:10A9E0000000000000000000000000000000000067
:10A9F00000040001000400010007FFFF000FFFFF3B
:10AA0000000100C1000200410004002000040020F9
:10AA1000000400200004002000060040000301C0E4
:10AA20000001FF8000007E00000000000000000028
:10AA30000000000000000000000000000000000016
:10AA40000000000000000000000000000000000006
:10AA500000000000000000000000000000000000F6
:10AA600000000000000000000000000000000000E6
:10AA70000000000000007E000001FF80000380C095
:10AA800000020060000400200004002000040020F8
:10AA90000004002000020041000300C10003FFFF8A
:10AAA0000007FFFF0000000100000001000000009F
:10AAB0000000000000000000000000000000000096
:10AAC0000000000000000000000000000000000086
:10AAD0000000000000000000000000000000000076
:10AAE0000000000000000000000000000000000066
:10AAF00000040020000400200004002000040020C6
:10AB0000000FFFE0000FFFE00000C0200001002068
:10AB100000020020000600200004000000040000E5
:10AB2000000700000003000000000000000000001B
:10AB30000000000000000000000000000000000015
:10AB40000000000000000000000000000000000005
:10AB500000000000000000000000000000000000F5
:10AB600000000000000000000000000000000000E5
:10AB700000000000000003E00001C0E00003E0402E
:10AB800000063020000430200004182000041820A3
:10AB90000004182000040C2000020C60000307C011
:10ABA000000783800000000000000000000000009B
:10ABB0000000000000000000000000000000000095
:10ABC0000000000000000000000000000000000085
:10ABD0000000000000000000000000000000000075
:10ABE0000000000000000000000000000000000065
:10ABF0000000000000040000000400000004000049
:10AC0000000C0000001FFF8000FFFFC00004006078
:10AC10000004002000040020000400200004004084
:10AC200000000180000000000000000000000000A3
:10AC30000000000000000000000000000000000014
:10AC40000000000000000000000000000000000004
:10AC500000000000000000000000000000000000F4
:10AC600000000000000000000000000000000000E4
:10AC700000040000000400000007FF80000FFFC078
:10AC80000000006000000020000000200000002004
:10AC90000000002000040040000400800007FFE0E6
:10ACA000000FFFC000000040000000400000000056
:10ACB0000000000000000000000000000000000094
:10ACC0000000000000000000000000000000000084
:10ACD0000000000000000000000000000000000074
:10ACE0000000000000000000000000000000000064
:10ACF0000004000000040000000780000007F000CE
:10AD00000004FE0000041FC0000003E000000380F8
:10AD100000001C0000046000000780000006000026
:10AD2000000400000000000000000000000000001F
:10AD30000000000000000000000000000000000013
:10AD40000000000000000000000000000000000003
:10AD500000000000000000000000000000000000F3
:10AD600000000000000000000000000000040000DF
:10AD7000000600000007C0000007FC0000043F8040
:10AD8000000003E000040F800006F0000007F00060
:10AD90000007FF8000040FE00000038000043C0077
:10ADA0000007C000000600000004000000000000D2
:10ADB0000000000000000000000000000000000093
:10ADC0000000000000000000000000000000000083
:10ADD0000000000000000000000000000000000073
:10ADE0000000000000000000000000000000000063
:10ADF000000000200004002000040060000700E0C4
:10AE0000000783200007E6000004F80000003C0073
:10AE100000045E20000587A0000601E00004006039
:10AE200000040020000000200000000000000000DE
:10AE30000000000000000000000000000000000012
:10AE40000000000000000000000000000000000002
:10AE500000000000000000000000000000000000F2
:10AE600000000000000000000000000000000000E2
:10AE70000004000000040003000700030007E001D5
:10AE80000004F80100041F02000007FC000000E0BD
:10AE900000000700000438000007C00000060000A2
:10AEA000000400000004000000000000000000009A
:10AEB0000000000000000000000000000000000092
:10AEC0000000000000000000000000000000000082
:10AED0000000000000000000000000000000000072
:10AEE0000000000000000000000000000000000062
:10AEF0000000000000078060000600E0000403E09E
:10AF0000000407A000040E2000043C200004702070
:10AF10000005E0200007802000070060000400E03A
:10AF2000000003800000000000000000000000009E
:10AF30000000000000000000000000000000000011
:10AF40000000000000000000000000000000000001
:10AF500000000000000000000000000000000000F1
:10AF600000000000000000000000000000000000E1
:10AF700000000000000000000000000000000000D1
:10AF800000000000000000000000800000008000C1
:10AF90000001400007FE3FF8080000041000000216
:10AFA000100000020000000000000000000000008F
:10AFB0000000000000000000000000000000000091
:10AFC0000000000000000000000000000000000081
:10AFD0000000000000000000000000000000000071
:10AFE0000000000000000000000000000000000061
:10AFF0000000000000000000000000000000000051
:10B00000000000000000000000000000FFFFFFFF44
:10B010000000000000000000000000000000000030
:10B020000000000000000000000000000000000020
:10B030000000000000000000000000000000000010
:10B040000000000000000000000000000000000000
:10B0500000000000000000000000000000000000F0
:10B0600000000000000000000000000000000000E0
:10B0700000000000100000021000000208000004A0
:10B0800007FE3FF800014000000080000000800043
:10B0900000000000000000000000000000000000B0
:10B0A00000000000000000000000000000000000A0
:10B0B0000000000000000000000000000000000090
:10B0C0000000000000000000000000000000000080
:10B0D0000000000000000000000000000000000070
:10B0E0000000000000000000000000000000000060
:10B0F0001800000030000000400000004000000088
:10B1000040000000200000003000000008000000A7
:10B110000400000002000000020000000200000025
:10B120000C000000180000000000000000000000FB
:10B13000000000000000000000000000000000000F
:10B1400000000000000000000000000000000000FF
:10B1500000000000000000000000000000000000EF
:10B160000000000000000000000000003031323319
:10B17000343536373839414243444546403058002B
:10B18000303132333435363738396162636465665D
:10B1900040307800040000080000000000000002B9
:10B1A00000010000100000003F0000006465630023
:10B1B0006964000072756E74696D650068656C7015
:10B1C000000000006C69737400000000686578007E
:10B1D00075696E7431365F74206E6F72666C617360
:10B1E000685F65785F726561645F696428766F691E
:10B1F00064290000766F6964206E6F72666C6173FB
:10B20000685F65785F65726173655F636869702800
:10B21000766F696429000000766F6964207772692F
:10B2200074655F616464722875696E7433325F742B
:10B2300020616464722C75696E7433325F74207699
:10B24000616C290075696E7433325F7420726561B8
:10B25000645F616464722875696E7433325F742050
:10B260006164647229000000766F6964206E6F72F9
:10B27000666C6173685F65785F65726173655F7343
:10B280006563746F722875696E7433325F74206100
:10B290006464722900000000766F69642064656C44
:10B2A00061795F6D732875696E7431365F74206ED5
:10B2B0006D732900766F69642064656C61795F75D0
:10B2C000732875696E7433325F74206E757329004C
:040000050800029954
:00000001FF
